Time,RPM,AFR,EGT,Speed_kmh,Lat,Lon,Alt,GPS_Fix
18:27:33,576,19.42,32.2,0.0,46.208048,6.126441,436.9,True
18:27:33,515,19.43,32.2,0.0,46.208048,6.126441,436.9,True
18:27:33,475,19.43,32.0,0.0,46.208047,6.126441,437.2,True
18:27:33,443,19.44,32.0,0.0,46.208047,6.126441,437.2,True
18:27:33,417,19.45,32.0,0.0,46.208047,6.126441,437.2,True
18:27:33,397,19.46,32.0,0.0,46.208047,6.126441,437.2,True
18:27:33,0,19.47,32.0,0.0,46.208047,6.126441,437.2,True
18:27:33,0,19.46,32.0,0.0,46.208047,6.126441,437.2,True
18:27:33,0,19.47,32.0,0.0,46.208047,6.126441,437.2,True
18:27:34,0,19.45,32.0,0.0,46.208047,6.126441,437.2,True
18:27:34,0,19.43,32.0,0.0,46.208047,6.126441,437.2,True
18:27:34,0,19.44,32.0,0.0,46.208047,6.126441,437.2,True
18:27:34,0,19.45,31.7,0.0,46.208047,6.126440,437.5,True
18:27:34,0,19.44,31.7,0.0,46.208047,6.126440,437.5,True
18:27:34,0,19.42,31.7,0.0,46.208047,6.126440,437.5,True
18:27:34,0,19.43,31.7,0.0,46.208047,6.126440,437.5,True
18:27:34,0,19.44,31.7,0.0,46.208047,6.126440,437.5,True
18:27:34,5,19.44,32.2,0.0,46.208047,6.126440,437.5,True
18:27:34,270,19.45,32.2,0.0,46.208047,6.126440,437.5,True
18:27:34,451,19.45,32.2,0.0,46.208047,6.126440,437.5,True
18:27:35,604,19.45,32.2,0.0,46.208047,6.126440,437.5,True
18:27:35,667,19.45,32.2,0.0,46.208047,6.126440,437.5,True
18:27:35,678,19.42,32.2,0.0,46.208047,6.126440,437.5,True
18:27:35,767,19.43,32.2,0.0,46.208047,6.126440,437.5,True
18:27:35,804,19.27,32.2,0.0,46.208047,6.126440,437.5,True
18:27:35,804,19.16,32.2,0.0,46.208047,6.126440,437.5,True
18:27:35,767,19.06,32.2,0.0,46.208047,6.126440,437.5,True
18:27:35,684,18.45,32.5,0.0,46.208047,6.126440,437.5,True
18:27:35,637,17.90,32.5,0.0,46.208047,6.126440,437.5,True
18:27:35,567,17.47,32.5,0.0,46.208047,6.126440,437.5,True
18:27:36,524,17.02,32.5,0.0,46.208047,6.126440,437.5,True
18:27:36,489,16.62,32.5,0.0,46.208047,6.126440,437.5,True
18:27:36,462,16.28,32.5,0.0,46.208046,6.126439,437.5,True
18:27:36,439,15.75,32.5,0.0,46.208046,6.126439,437.5,True
18:27:36,0,15.27,32.5,0.0,46.208046,6.126439,437.5,True
18:27:36,0,14.89,32.5,0.0,46.208046,6.126439,437.5,True
18:27:36,6,14.41,32.5,0.0,46.208046,6.126439,437.5,True
18:27:36,278,14.04,32.0,0.0,46.208046,6.126439,437.5,True
18:27:36,516,13.72,32.0,0.0,46.208046,6.126439,437.5,True
18:27:36,647,13.35,32.0,0.0,46.208046,6.126439,437.5,True
18:27:37,737,13.05,32.0,0.0,46.208046,6.126439,437.5,True
18:27:37,915,12.82,32.0,0.0,46.208046,6.126439,437.5,True
18:27:37,1098,13.05,34.7,0.0,46.208046,6.126439,437.4,True
18:27:37,1344,13.21,34.7,0.0,46.208046,6.126439,437.4,True
18:27:37,1655,13.35,34.7,0.0,46.208046,6.126439,437.4,True
18:27:37,2105,13.49,34.7,0.0,46.208046,6.126439,437.4,True
18:27:37,2395,13.59,34.7,0.0,46.208046,6.126439,437.4,True
18:27:37,2521,13.68,49.0,0.0,46.208046,6.126439,437.4,True
18:27:37,2569,13.22,49.0,0.0,46.208046,6.126439,437.4,True
18:27:37,2550,12.83,49.0,0.0,46.208046,6.126439,437.4,True
18:27:38,2623,12.52,49.0,0.0,46.208046,6.126439,437.4,True
18:27:38,2592,12.54,49.0,0.0,46.208046,6.126439,437.4,True
18:27:38,2825,12.58,51.7,0.0,46.208047,6.126439,437.4,True
18:27:38,3133,12.58,51.7,0.0,46.208047,6.126439,437.4,True
18:27:38,3344,12.46,51.7,0.0,46.208047,6.126439,437.4,True
18:27:38,3477,12.36,51.7,0.0,46.208047,6.126439,437.4,True
18:27:38,3470,12.24,51.7,0.0,46.208047,6.126439,437.4,True
18:27:38,3390,12.16,60.5,0.0,46.208047,6.126439,437.4,True
18:27:38,3284,12.10,60.5,0.0,46.208047,6.126439,437.4,True
18:27:39,3166,12.19,60.5,0.0,46.208047,6.126439,437.4,True
18:27:39,2959,12.27,60.5,0.0,46.208047,6.126439,437.4,True
18:27:39,2802,12.32,60.5,0.0,46.208047,6.126439,437.4,True
18:27:39,2695,12.30,58.5,0.0,46.208047,6.126439,437.4,True
18:27:39,2917,12.30,58.5,0.0,46.208047,6.126439,437.4,True
18:27:39,3193,12.27,58.5,0.0,46.208047,6.126439,437.4,True
18:27:39,3185,12.63,58.5,0.0,46.208047,6.126439,437.4,True
18:27:39,3248,12.94,58.5,0.0,46.208047,6.126439,437.4,True
18:27:39,3354,13.21,70.8,0.0,46.208047,6.126439,437.4,True
18:27:39,3446,13.11,70.8,0.0,46.208047,6.126439,437.4,True
18:27:39,3617,13.03,70.8,0.0,46.208047,6.126439,437.4,True
18:27:40,3764,12.96,70.8,0.0,46.208047,6.126439,437.4,True
18:27:40,3963,13.04,70.8,0.0,46.208047,6.126439,437.4,True
18:27:40,3915,13.12,92.3,0.0,46.208047,6.126439,437.3,True
18:27:40,3758,13.19,92.3,0.0,46.208047,6.126439,437.3,True
18:27:40,3739,13.15,92.3,0.0,46.208047,6.126439,437.3,True
18:27:40,3574,13.10,92.3,0.0,46.208047,6.126439,437.3,True
18:27:40,3559,13.07,92.3,0.0,46.208047,6.126439,437.3,True
18:27:40,3477,13.23,104.8,0.0,46.208047,6.126439,437.3,True
18:27:40,3420,13.38,104.8,0.0,46.208047,6.126439,437.3,True
18:27:40,3260,13.50,104.8,0.0,46.208047,6.126439,437.3,True
18:27:41,3206,13.36,104.8,0.0,46.208047,6.126439,437.3,True
18:27:41,3116,13.27,104.8,0.0,46.208047,6.126439,437.3,True
18:27:41,3100,13.17,117.8,0.0,46.208048,6.126439,437.3,True
18:27:41,3093,13.24,117.8,0.0,46.208048,6.126439,437.3,True
18:27:41,3054,13.32,117.8,0.0,46.208048,6.126439,437.3,True
18:27:41,3016,13.36,117.8,0.0,46.208048,6.126439,437.3,True
18:27:41,2950,13.40,117.8,0.0,46.208048,6.126439,437.3,True
18:27:41,2961,13.43,127.0,0.0,46.208048,6.126439,437.3,True
18:27:41,2789,13.52,127.0,0.0,46.208048,6.126439,437.3,True
18:27:41,2762,13.57,127.0,0.0,46.208048,6.126439,437.3,True
18:27:42,2655,13.62,127.0,0.0,46.208048,6.126439,437.3,True
18:27:42,2632,13.68,127.0,0.0,46.208048,6.126439,437.3,True
18:27:42,2501,13.83,134.8,5.1,46.208042,6.126426,436.5,True
18:27:42,2453,13.94,134.8,5.1,46.208042,6.126426,436.5,True
18:27:42,2416,14.05,134.8,5.1,46.208042,6.126426,436.5,True
18:27:42,2356,14.21,134.8,5.1,46.208042,6.126426,436.5,True
18:27:42,2392,14.31,134.8,5.1,46.208042,6.126426,436.5,True
18:27:42,2484,14.40,141.8,5.1,46.208042,6.126426,436.5,True
18:27:42,2585,14.65,141.8,5.1,46.208042,6.126426,436.5,True
18:27:42,2660,14.88,141.8,5.1,46.208042,6.126426,436.5,True
18:27:43,2697,15.02,141.8,5.1,46.208042,6.126426,436.5,True
18:27:43,2678,15.16,141.8,5.1,46.208042,6.126426,436.5,True
18:27:43,2584,15.28,145.5,6.6,46.208038,6.126406,435.2,True
18:27:43,2482,15.37,145.5,6.6,46.208038,6.126406,435.2,True
18:27:43,2426,15.48,145.5,6.6,46.208038,6.126406,435.2,True
18:27:43,2417,15.60,145.5,6.6,46.208038,6.126406,435.2,True
18:27:43,2403,15.68,145.5,6.6,46.208038,6.126406,435.2,True
18:27:43,2367,15.82,145.3,6.6,46.208038,6.126406,435.2,True
18:27:43,2312,15.96,145.3,6.6,46.208038,6.126406,435.2,True
18:27:43,2149,16.12,145.3,6.6,46.208038,6.126406,435.2,True
18:27:44,2038,16.23,145.3,6.6,46.208038,6.126406,435.2,True
18:27:44,1934,16.32,145.3,6.6,46.208038,6.126406,435.2,True
18:27:44,1880,16.39,143.8,8.6,46.208036,6.126377,433.6,True
18:27:44,1807,16.49,143.8,8.6,46.208036,6.126377,433.6,True
18:27:44,1723,16.54,143.8,8.6,46.208036,6.126377,433.6,True
18:27:44,1643,16.52,143.8,8.6,46.208036,6.126377,433.6,True
18:27:44,1574,16.54,143.8,8.6,46.208036,6.126377,433.6,True
18:27:44,1553,16.56,142.3,8.6,46.208036,6.126377,433.6,True
18:27:44,1513,16.43,142.3,8.6,46.208036,6.126377,433.6,True
18:27:44,1453,16.34,142.3,8.6,46.208036,6.126377,433.6,True
18:27:45,1407,16.25,142.3,8.6,46.208036,6.126377,433.6,True
18:27:45,1375,16.09,142.3,8.6,46.208036,6.126377,433.6,True
18:27:45,1397,15.92,140.3,7.7,46.208037,6.126346,432.2,True
18:27:45,1392,15.80,140.3,7.7,46.208037,6.126346,432.2,True
18:27:45,1363,15.69,140.3,7.7,46.208037,6.126346,432.2,True
18:27:45,1390,15.58,140.3,7.7,46.208037,6.126346,432.2,True
18:27:45,1414,15.46,140.3,7.7,46.208037,6.126346,432.2,True
18:27:45,1440,15.41,140.5,7.7,46.208037,6.126346,432.2,True
18:27:45,1406,15.32,140.5,7.7,46.208037,6.126346,432.2,True
18:27:46,1412,15.27,140.5,7.7,46.208037,6.126346,432.2,True
18:27:46,1386,15.18,140.5,7.7,46.208037,6.126346,432.2,True
18:27:46,1502,15.17,140.5,7.7,46.208037,6.126346,432.2,True
18:27:46,1516,15.17,140.8,5.1,46.208034,6.126322,430.8,True
18:27:46,1493,15.09,140.8,5.1,46.208034,6.126322,430.8,True
18:27:46,1455,15.04,140.8,5.1,46.208034,6.126322,430.8,True
18:27:46,1495,15.00,140.8,5.1,46.208034,6.126322,430.8,True
18:27:46,1491,14.97,140.8,5.1,46.208034,6.126322,430.8,True
18:27:46,1552,14.95,140.3,5.1,46.208034,6.126322,430.8,True
18:27:46,1701,14.90,140.3,5.1,46.208034,6.126322,430.8,True
18:27:46,1787,14.87,140.3,5.1,46.208034,6.126322,430.8,True
18:27:47,1808,14.82,140.3,5.1,46.208034,6.126322,430.8,True
18:27:47,1767,14.79,140.3,5.1,46.208034,6.126322,430.8,True
18:27:47,1824,14.76,142.0,2.2,46.208031,6.126313,429.4,True
18:27:47,1773,14.68,142.0,2.2,46.208031,6.126313,429.4,True
18:27:47,1723,14.65,142.0,2.2,46.208031,6.126313,429.4,True
18:27:47,1690,14.61,142.0,2.2,46.208031,6.126313,429.4,True
18:27:47,1786,14.55,142.0,2.2,46.208031,6.126313,429.4,True
18:27:47,1796,14.50,144.3,2.2,46.208031,6.126313,429.4,True
18:27:47,1737,14.43,144.3,2.2,46.208031,6.126313,429.4,True
18:27:47,1676,14.42,144.3,2.2,46.208031,6.126313,429.4,True
18:27:48,1603,14.41,144.3,2.2,46.208031,6.126313,429.4,True
18:27:48,1561,14.39,144.3,2.2,46.208031,6.126313,429.4,True
18:27:48,1508,14.39,143.5,1.2,46.208028,6.126311,428.0,True
18:27:48,1684,14.40,143.5,1.2,46.208028,6.126311,428.0,True
18:27:48,1780,14.42,143.5,1.2,46.208028,6.126311,428.0,True
18:27:48,2030,14.42,143.5,1.2,46.208028,6.126311,428.0,True
18:27:48,2341,14.44,143.5,1.2,46.208028,6.126311,428.0,True
18:27:48,2484,14.40,150.8,1.2,46.208028,6.126311,428.0,True
18:27:48,2876,14.41,150.8,1.2,46.208028,6.126311,428.0,True
18:27:48,3138,14.34,150.8,1.2,46.208028,6.126311,428.0,True
18:27:49,3338,14.25,150.8,1.2,46.208028,6.126311,428.0,True
18:27:49,3657,14.22,150.8,1.2,46.208028,6.126311,428.0,True
18:27:49,3735,14.25,165.0,1.6,46.208026,6.126310,428.8,True
18:27:49,3910,14.26,165.0,1.6,46.208026,6.126310,428.8,True
18:27:49,4030,14.26,165.0,1.6,46.208026,6.126310,428.8,True
18:27:49,4038,14.21,165.0,1.6,46.208026,6.126310,428.8,True
18:27:49,3927,14.13,165.0,1.6,46.208026,6.126310,428.8,True
18:27:49,3864,14.07,187.5,1.6,46.208026,6.126310,428.8,True
18:27:49,3841,14.01,187.5,1.6,46.208026,6.126310,428.8,True
18:27:49,3747,13.95,187.5,1.6,46.208026,6.126310,428.8,True
18:27:50,3659,13.88,187.5,1.6,46.208026,6.126310,428.8,True
18:27:50,3550,13.81,187.5,1.6,46.208026,6.126310,428.8,True
18:27:50,3509,13.73,196.0,2.2,46.208023,6.126301,428.1,True
18:27:50,3452,13.71,196.0,2.2,46.208023,6.126301,428.1,True
18:27:50,3411,13.78,196.0,2.2,46.208023,6.126301,428.1,True
18:27:50,3300,13.87,196.0,2.2,46.208023,6.126301,428.1,True
18:27:50,3305,13.94,196.0,2.2,46.208023,6.126301,428.1,True
18:27:50,3283,14.04,205.5,2.2,46.208023,6.126301,428.1,True
18:27:50,3244,14.07,205.5,2.2,46.208023,6.126301,428.1,True
18:27:51,3384,14.13,205.5,2.2,46.208023,6.126301,428.1,True
18:27:51,3474,14.26,205.5,2.2,46.208023,6.126301,428.1,True
18:27:51,3599,14.36,205.5,2.2,46.208023,6.126301,428.1,True
18:27:51,3643,14.45,216.0,10.1,46.208015,6.126270,427.4,True
18:27:51,3771,14.53,216.0,10.1,46.208015,6.126270,427.4,True
18:27:51,3916,14.62,216.0,10.1,46.208015,6.126270,427.4,True
18:27:51,3992,14.67,216.0,10.1,46.208015,6.126270,427.4,True
18:27:51,3896,14.69,216.0,10.1,46.208015,6.126270,427.4,True
18:27:51,3716,14.70,225.8,10.1,46.208015,6.126270,427.4,True
18:27:51,3588,14.69,225.8,10.1,46.208015,6.126270,427.4,True
18:27:51,3463,14.55,225.8,10.1,46.208015,6.126270,427.4,True
18:27:52,3303,14.47,225.8,10.1,46.208015,6.126270,427.4,True
18:27:52,3237,14.40,225.8,10.1,46.208015,6.126270,427.4,True
18:27:52,3166,14.37,216.5,10.1,46.208017,6.126226,426.4,True
18:27:52,3016,14.34,216.5,10.1,46.208017,6.126226,426.4,True
18:27:52,2918,14.35,216.5,10.1,46.208017,6.126226,426.4,True
18:27:52,2787,14.41,216.5,10.1,46.208017,6.126226,426.4,True
18:27:52,2712,14.43,216.5,10.1,46.208017,6.126226,426.4,True
18:27:52,2636,14.48,207.8,10.1,46.208017,6.126226,426.4,True
18:27:52,2563,14.75,207.8,10.1,46.208017,6.126226,426.4,True
18:27:52,2537,14.92,207.8,10.1,46.208017,6.126226,426.4,True
18:27:53,2552,15.12,207.8,10.1,46.208017,6.126226,426.4,True
18:27:53,2427,15.42,207.8,10.1,46.208017,6.126226,426.4,True
18:27:53,2321,15.68,203.8,13.7,46.208035,6.126166,424.9,True
18:27:53,2218,15.85,203.8,13.7,46.208035,6.126166,424.9,True
18:27:53,2174,16.02,203.8,13.7,46.208035,6.126166,424.9,True
18:27:53,2159,16.13,203.8,13.7,46.208035,6.126166,424.9,True
18:27:53,2091,16.22,203.8,13.7,46.208035,6.126166,424.9,True
18:27:53,2039,16.27,200.8,13.7,46.208035,6.126166,424.9,True
18:27:53,2018,16.28,200.8,13.7,46.208035,6.126166,424.9,True
18:27:54,2032,16.17,200.8,13.7,46.208035,6.126166,424.9,True
18:27:54,1969,16.10,200.8,13.7,46.208035,6.126166,424.9,True
18:27:54,1916,16.00,200.8,13.7,46.208035,6.126166,424.9,True
18:27:54,1943,15.83,199.5,8.4,46.208041,6.126121,423.2,True
18:27:54,1918,15.72,199.5,8.4,46.208041,6.126121,423.2,True
18:27:54,1965,15.66,199.5,8.4,46.208041,6.126121,423.2,True
18:27:54,1885,15.53,199.5,8.4,46.208041,6.126121,423.2,True
18:27:54,1876,15.45,199.5,8.4,46.208041,6.126121,423.2,True
18:27:54,1814,15.37,197.5,8.4,46.208041,6.126121,423.2,True
18:27:54,1743,15.26,197.5,8.4,46.208041,6.126121,423.2,True
18:27:54,1675,15.14,197.5,8.4,46.208041,6.126121,423.2,True
18:27:55,1616,15.00,197.5,8.4,46.208041,6.126121,423.2,True
18:27:55,1590,14.96,197.5,8.4,46.208041,6.126121,423.2,True
18:27:55,1544,14.93,195.3,4.1,46.208041,6.126108,421.5,True
18:27:55,1546,14.88,195.3,4.1,46.208041,6.126108,421.5,True
18:27:55,1533,14.84,195.3,4.1,46.208041,6.126108,421.5,True
18:27:55,1521,14.83,195.3,4.1,46.208041,6.126108,421.5,True
18:27:55,1537,14.83,195.3,4.1,46.208041,6.126108,421.5,True
18:27:55,1513,14.75,193.8,4.1,46.208041,6.126108,421.5,True
18:27:55,1578,14.72,193.8,4.1,46.208041,6.126108,421.5,True
18:27:55,1600,14.71,193.8,4.1,46.208041,6.126108,421.5,True
18:27:56,1631,14.75,193.8,4.1,46.208041,6.126108,421.5,True
18:27:56,1600,14.76,193.8,4.1,46.208041,6.126108,421.5,True
18:27:56,1566,14.79,193.5,11.1,46.208034,6.126133,423.4,True
18:27:56,1566,14.76,193.5,11.1,46.208034,6.126133,423.4,True
18:27:56,1572,14.75,193.5,11.1,46.208034,6.126133,423.4,True
18:27:56,1595,14.71,193.5,11.1,46.208034,6.126133,423.4,True
18:27:56,1596,14.69,193.5,11.1,46.208034,6.126133,423.4,True
18:27:56,1616,14.69,192.0,11.1,46.208034,6.126133,423.4,True
18:27:56,1585,14.66,192.0,11.1,46.208034,6.126133,423.4,True
18:27:56,1545,14.62,192.0,11.1,46.208034,6.126133,423.4,True
18:27:57,1558,14.54,192.0,11.1,46.208034,6.126133,423.4,True
18:27:57,1573,14.48,192.0,11.1,46.208034,6.126133,423.4,True
18:27:57,1578,14.44,190.5,8.3,46.208030,6.126158,423.6,True
18:27:57,1602,14.41,190.5,8.3,46.208030,6.126158,423.6,True
18:27:57,1590,14.39,190.5,8.3,46.208030,6.126158,423.6,True
18:27:57,1536,14.35,190.5,8.3,46.208030,6.126158,423.6,True
18:27:57,1552,14.32,190.5,8.3,46.208030,6.126158,423.6,True
18:27:57,1501,14.31,190.3,8.3,46.208030,6.126158,423.6,True
18:27:57,1571,14.29,190.3,8.3,46.208030,6.126158,423.6,True
18:27:57,1580,14.26,190.3,8.3,46.208030,6.126158,423.6,True
18:27:58,1591,14.26,190.3,8.3,46.208030,6.126158,423.6,True
18:27:58,1554,14.25,190.3,8.3,46.208030,6.126158,423.6,True
18:27:58,1565,14.27,189.8,8.3,46.208022,6.126175,423.8,True
18:27:58,1566,14.26,189.8,8.3,46.208022,6.126175,423.8,True
18:27:58,1525,14.28,189.8,8.3,46.208022,6.126175,423.8,True
18:27:58,1558,14.32,189.8,8.3,46.208022,6.126175,423.8,True
18:27:58,1544,14.28,189.8,8.3,46.208022,6.126175,423.8,True
18:27:58,1549,14.25,189.3,8.3,46.208022,6.126175,423.8,True
18:27:58,1540,14.24,189.3,8.3,46.208022,6.126175,423.8,True
18:27:58,1518,14.20,189.3,8.3,46.208022,6.126175,423.8,True
18:27:59,1565,14.16,189.3,8.3,46.208022,6.126175,423.8,True
18:27:59,1576,14.15,189.3,8.3,46.208022,6.126175,423.8,True
18:27:59,1579,14.13,188.5,7.8,46.208013,6.126194,423.8,True
18:27:59,1625,14.06,188.5,7.8,46.208013,6.126194,423.8,True
18:27:59,1670,14.03,188.5,7.8,46.208013,6.126194,423.8,True
18:27:59,1682,14.03,188.5,7.8,46.208013,6.126194,423.8,True
18:27:59,1692,14.02,188.5,7.8,46.208013,6.126194,423.8,True
18:27:59,1688,14.02,189.3,7.8,46.208013,6.126194,423.8,True
18:27:59,1655,14.00,189.3,7.8,46.208013,6.126194,423.8,True
18:27:59,1650,13.98,189.3,7.8,46.208013,6.126194,423.8,True
18:28:00,1687,13.99,189.3,7.8,46.208013,6.126194,423.8,True
18:28:00,1658,14.02,189.3,7.8,46.208013,6.126194,423.8,True
18:28:00,1626,14.05,188.5,6.3,46.208006,6.126208,423.6,True
18:28:00,1583,14.09,188.5,6.3,46.208006,6.126208,423.6,True
18:28:00,1635,14.07,188.5,6.3,46.208006,6.126208,423.6,True
18:28:00,1580,14.03,188.5,6.3,46.208006,6.126208,423.6,True
18:28:00,1556,13.97,188.5,6.3,46.208006,6.126208,423.6,True
18:28:00,1499,13.96,189.0,6.3,46.208006,6.126208,423.6,True
18:28:00,1484,13.94,189.0,6.3,46.208006,6.126208,423.6,True
18:28:00,1470,13.90,189.0,6.3,46.208006,6.126208,423.6,True
18:28:01,1474,13.91,189.0,6.3,46.208006,6.126208,423.6,True
18:28:01,1521,13.94,189.0,6.3,46.208006,6.126208,423.6,True
18:28:01,1493,13.95,189.3,6.4,46.207998,6.126215,423.0,True
18:28:01,1518,13.93,189.3,6.4,46.207998,6.126215,423.0,True
18:28:01,1501,13.95,189.3,6.4,46.207998,6.126215,423.0,True
18:28:01,1524,13.92,189.3,6.4,46.207998,6.126215,423.0,True
18:28:01,1502,13.92,189.3,6.4,46.207998,6.126215,423.0,True
18:28:01,1496,13.93,187.0,6.4,46.207998,6.126215,423.0,True
18:28:01,1479,13.92,187.0,6.4,46.207998,6.126215,423.0,True
18:28:01,1482,13.91,187.0,6.4,46.207998,6.126215,423.0,True
18:28:02,1468,13.91,187.0,6.4,46.207998,6.126215,423.0,True
18:28:02,1553,13.88,187.0,6.4,46.207998,6.126215,423.0,True
18:28:02,1558,13.86,188.0,4.5,46.207993,6.126228,422.6,True
18:28:02,1643,13.87,188.0,4.5,46.207993,6.126228,422.6,True
18:28:02,1666,13.87,188.0,4.5,46.207993,6.126228,422.6,True
18:28:02,1616,13.90,188.0,4.5,46.207993,6.126228,422.6,True
18:28:02,1574,13.94,188.0,4.5,46.207993,6.126228,422.6,True
18:28:02,1555,13.99,188.0,4.5,46.207993,6.126228,422.6,True
18:28:02,1565,14.02,188.0,4.5,46.207993,6.126228,422.6,True
18:28:02,1538,14.03,188.0,4.5,46.207993,6.126228,422.6,True
18:28:03,1499,13.99,188.0,4.5,46.207993,6.126228,422.6,True
18:28:03,1542,13.96,188.0,4.5,46.207993,6.126228,422.6,True
18:28:03,1517,13.95,188.5,3.6,46.207986,6.126238,422.0,True
18:28:03,1567,13.94,188.5,3.6,46.207986,6.126238,422.0,True
18:28:03,1533,13.93,188.5,3.6,46.207986,6.126238,422.0,True
18:28:03,1570,13.90,188.5,3.6,46.207986,6.126238,422.0,True
18:28:03,1566,13.90,188.5,3.6,46.207986,6.126238,422.0,True
18:28:03,1550,13.89,189.0,3.6,46.207986,6.126238,422.0,True
18:28:03,1515,13.93,189.0,3.6,46.207986,6.126238,422.0,True
18:28:03,1603,13.86,189.0,3.6,46.207986,6.126238,422.0,True
18:28:04,1630,13.83,189.0,3.6,46.207986,6.126238,422.0,True
18:28:04,1711,13.82,189.0,3.6,46.207986,6.126238,422.0,True
18:28:04,1656,13.82,188.8,1.5,46.207981,6.126244,421.3,True
18:28:04,1643,13.83,188.8,1.5,46.207981,6.126244,421.3,True
18:28:04,1694,13.84,188.8,1.5,46.207981,6.126244,421.3,True
18:28:04,1681,13.85,188.8,1.5,46.207981,6.126244,421.3,True
18:28:04,1613,13.90,188.8,1.5,46.207981,6.126244,421.3,True
18:28:04,1636,13.88,188.8,1.5,46.207981,6.126244,421.3,True
18:28:04,1687,13.90,188.8,1.5,46.207981,6.126244,421.3,True
18:28:04,1738,13.96,188.8,1.5,46.207981,6.126244,421.3,True
18:28:05,1792,13.96,188.8,1.5,46.207981,6.126244,421.3,True
18:28:05,1797,13.97,188.8,1.5,46.207981,6.126244,421.3,True
18:28:05,1892,13.98,187.8,3.8,46.207980,6.126251,420.5,True
18:28:05,2081,13.97,187.8,3.8,46.207980,6.126251,420.5,True
18:28:05,2168,13.93,187.8,3.8,46.207980,6.126251,420.5,True
18:28:05,2232,13.94,187.8,3.8,46.207980,6.126251,420.5,True
18:28:05,2244,13.92,187.8,3.8,46.207980,6.126251,420.5,True
18:28:05,2250,13.92,190.0,3.8,46.207980,6.126251,420.5,True
18:28:05,2190,13.94,190.0,3.8,46.207980,6.126251,420.5,True
18:28:05,2229,13.91,190.0,3.8,46.207980,6.126251,420.5,True
18:28:06,2114,13.88,190.0,3.8,46.207980,6.126251,420.5,True
18:28:06,2018,13.85,190.0,3.8,46.207980,6.126251,420.5,True
18:28:06,1940,13.81,190.3,2.4,46.207978,6.126259,420.3,True
18:28:06,1847,13.80,190.3,2.4,46.207978,6.126259,420.3,True
18:28:06,1792,13.79,190.3,2.4,46.207978,6.126259,420.3,True
18:28:06,1708,13.75,190.3,2.4,46.207978,6.126259,420.3,True
18:28:06,1669,13.76,190.3,2.4,46.207978,6.126259,420.3,True
18:28:06,1619,13.79,190.0,2.4,46.207978,6.126259,420.3,True
18:28:06,1586,13.79,190.0,2.4,46.207978,6.126259,420.3,True
18:28:06,1540,13.87,190.0,2.4,46.207978,6.126259,420.3,True
18:28:07,1499,13.95,190.0,2.4,46.207978,6.126259,420.3,True
18:28:07,1467,14.00,190.0,2.4,46.207978,6.126259,420.3,True
18:28:07,1418,14.06,190.3,2.5,46.207973,6.126265,420.1,True
18:28:07,1466,14.16,190.3,2.5,46.207973,6.126265,420.1,True
18:28:07,1423,14.21,190.3,2.5,46.207973,6.126265,420.1,True
18:28:07,1467,14.20,190.3,2.5,46.207973,6.126265,420.1,True
18:28:07,1517,14.20,190.3,2.5,46.207973,6.126265,420.1,True
18:28:07,1539,14.22,189.0,2.5,46.207973,6.126265,420.1,True
18:28:07,1491,14.24,189.0,2.5,46.207973,6.126265,420.1,True
18:28:07,1467,14.26,189.0,2.5,46.207973,6.126265,420.1,True
18:28:08,1498,14.27,189.0,2.5,46.207973,6.126265,420.1,True
18:28:08,1562,14.23,189.0,2.5,46.207973,6.126265,420.1,True
18:28:08,1686,14.21,189.3,1.6,46.207969,6.126270,419.9,True
18:28:08,1793,14.22,189.3,1.6,46.207969,6.126270,419.9,True
18:28:08,1925,14.20,189.3,1.6,46.207969,6.126270,419.9,True
18:28:08,2047,14.22,189.3,1.6,46.207969,6.126270,419.9,True
18:28:08,2188,14.11,189.3,1.6,46.207969,6.126270,419.9,True
18:28:08,2319,13.99,192.3,1.6,46.207969,6.126270,419.9,True
18:28:08,2549,13.93,192.3,1.6,46.207969,6.126270,419.9,True
18:28:08,2758,13.89,192.3,1.6,46.207969,6.126270,419.9,True
18:28:09,2851,13.82,192.3,1.6,46.207969,6.126270,419.9,True
18:28:09,2834,13.76,192.3,1.6,46.207969,6.126270,419.9,True
18:28:09,2856,13.69,202.5,0.0,46.207968,6.126270,420.1,True
18:28:09,2903,13.61,202.5,0.0,46.207968,6.126270,420.1,True
18:28:09,2939,13.58,202.5,0.0,46.207968,6.126270,420.1,True
18:28:09,2989,13.69,202.5,0.0,46.207968,6.126270,420.1,True
18:28:09,2951,13.77,202.5,0.0,46.207968,6.126270,420.1,True
18:28:09,2922,13.84,211.8,0.0,46.207968,6.126270,420.1,True
18:28:09,2882,14.03,211.8,0.0,46.207968,6.126270,420.1,True
18:28:09,2787,14.17,211.8,0.0,46.207968,6.126270,420.1,True
18:28:10,2687,14.31,211.8,0.0,46.207968,6.126270,420.1,True
18:28:10,2610,14.51,211.8,0.0,46.207968,6.126270,420.1,True
18:28:10,2506,14.67,210.3,0.0,46.207967,6.126272,420.4,True
18:28:10,2569,14.79,210.3,0.0,46.207967,6.126272,420.4,True
18:28:10,2530,15.01,210.3,0.0,46.207967,6.126272,420.4,True
18:28:10,2521,15.19,210.3,0.0,46.207967,6.126272,420.4,True
18:28:10,2639,15.32,210.3,0.0,46.207967,6.126272,420.4,True
18:28:10,2916,15.28,217.3,0.0,46.207967,6.126272,420.4,True
18:28:10,2998,15.26,217.3,0.0,46.207967,6.126272,420.4,True
18:28:10,3155,15.21,217.3,0.0,46.207967,6.126272,420.4,True
18:28:11,3170,15.86,217.3,0.0,46.207967,6.126272,420.4,True
18:28:11,3037,16.39,217.3,0.0,46.207967,6.126272,420.4,True
18:28:11,3069,16.84,233.0,0.0,46.207966,6.126276,420.8,True
18:28:11,3094,16.86,233.0,0.0,46.207966,6.126276,420.8,True
18:28:11,3177,16.86,233.0,0.0,46.207966,6.126276,420.8,True
18:28:11,3186,16.87,233.0,0.0,46.207966,6.126276,420.8,True
18:28:11,3248,16.50,233.0,0.0,46.207966,6.126276,420.8,True
18:28:11,3370,16.21,239.8,0.0,46.207966,6.126276,420.8,True
18:28:11,3484,15.96,239.8,0.0,46.207966,6.126276,420.8,True
18:28:11,3660,15.52,239.8,0.0,46.207966,6.126276,420.8,True
18:28:12,3838,15.12,239.8,0.0,46.207966,6.126276,420.8,True
18:28:12,4007,14.75,239.8,0.0,46.207966,6.126276,420.8,True
18:28:12,4090,14.83,254.8,8.3,46.207948,6.126290,420.6,True
18:28:12,4100,14.88,254.8,8.3,46.207948,6.126290,420.6,True
18:28:12,4039,14.88,254.8,8.3,46.207948,6.126290,420.6,True
18:28:12,3996,14.81,254.8,8.3,46.207948,6.126290,420.6,True
18:28:12,4000,14.73,254.8,8.3,46.207948,6.126290,420.6,True
18:28:12,4125,14.49,269.5,8.3,46.207948,6.126290,420.6,True
18:28:12,4172,14.28,269.5,8.3,46.207948,6.126290,420.6,True
18:28:12,4171,14.11,269.5,8.3,46.207948,6.126290,420.6,True
18:28:13,3933,13.97,269.5,8.3,46.207948,6.126290,420.6,True
18:28:13,3793,13.88,269.5,8.3,46.207948,6.126290,420.6,True
18:28:13,3650,13.80,258.2,6.9,46.207934,6.126310,420.3,True
18:28:13,3429,13.71,258.2,6.9,46.207934,6.126310,420.3,True
18:28:13,3227,13.62,258.2,6.9,46.207934,6.126310,420.3,True
18:28:13,3118,13.55,258.2,6.9,46.207934,6.126310,420.3,True
18:28:13,3033,13.77,258.2,6.9,46.207934,6.126310,420.3,True
18:28:13,2970,13.95,254.0,6.9,46.207934,6.126310,420.3,True
18:28:13,2978,14.11,254.0,6.9,46.207934,6.126310,420.3,True
18:28:13,2992,14.37,254.0,6.9,46.207934,6.126310,420.3,True
18:28:14,2959,14.62,254.0,6.9,46.207934,6.126310,420.3,True
18:28:14,2940,14.83,254.0,6.9,46.207934,6.126310,420.3,True
18:28:14,2895,14.45,258.2,10.6,46.207926,6.126349,419.6,True
18:28:14,2830,14.19,258.2,10.6,46.207926,6.126349,419.6,True
18:28:14,2789,13.95,258.2,10.6,46.207926,6.126349,419.6,True
18:28:14,2893,13.99,258.2,10.6,46.207926,6.126349,419.6,True
18:28:14,2940,14.04,258.2,10.6,46.207926,6.126349,419.6,True
18:28:14,3034,14.06,255.0,10.6,46.207926,6.126349,419.6,True
18:28:14,3034,14.18,255.0,10.6,46.207926,6.126349,419.6,True
18:28:15,3124,14.31,255.0,10.6,46.207926,6.126349,419.6,True
18:28:15,3030,14.42,255.0,10.6,46.207926,6.126349,419.6,True
18:28:15,3016,14.39,255.0,10.6,46.207926,6.126349,419.6,True
18:28:15,3032,14.36,261.0,10.5,46.207928,6.126389,418.1,True
18:28:15,3084,14.36,261.0,10.5,46.207928,6.126389,418.1,True
18:28:15,3194,14.48,261.0,10.5,46.207928,6.126389,418.1,True
18:28:15,3314,14.56,261.0,10.5,46.207928,6.126389,418.1,True
18:28:15,3374,14.66,261.0,10.5,46.207928,6.126389,418.1,True
18:28:15,3421,15.02,268.5,10.5,46.207928,6.126389,418.1,True
18:28:15,3458,15.31,268.5,10.5,46.207928,6.126389,418.1,True
18:28:15,3500,15.56,268.5,10.5,46.207928,6.126389,418.1,True
18:28:16,3472,15.77,268.5,10.5,46.207928,6.126389,418.1,True
18:28:16,3498,15.93,268.5,10.5,46.207928,6.126389,418.1,True
18:28:16,3613,16.09,277.7,12.3,46.207925,6.126448,417.8,True
18:28:16,3672,16.34,277.7,12.3,46.207925,6.126448,417.8,True
18:28:16,3726,16.60,277.7,12.3,46.207925,6.126448,417.8,True
18:28:16,3809,16.80,277.7,12.3,46.207925,6.126448,417.8,True
18:28:16,3860,16.78,277.7,12.3,46.207925,6.126448,417.8,True
18:28:16,3925,16.71,283.2,12.3,46.207925,6.126448,417.8,True
18:28:16,3968,16.66,283.2,12.3,46.207925,6.126448,417.8,True
18:28:16,4053,16.44,283.2,12.3,46.207925,6.126448,417.8,True
18:28:17,4084,16.23,283.2,12.3,46.207925,6.126448,417.8,True
18:28:17,4086,16.05,283.2,12.3,46.207925,6.126448,417.8,True
18:28:17,4144,15.81,291.7,16.9,46.207903,6.126527,418.0,True
18:28:17,4167,15.61,291.7,16.9,46.207903,6.126527,418.0,True
18:28:17,4184,15.40,291.7,16.9,46.207903,6.126527,418.0,True
18:28:17,4024,15.43,291.7,16.9,46.207903,6.126527,418.0,True
18:28:17,4016,15.47,291.7,16.9,46.207903,6.126527,418.0,True
18:28:17,4035,15.48,291.7,16.9,46.207903,6.126527,418.0,True
18:28:17,4026,15.52,291.7,16.9,46.207903,6.126527,418.0,True
18:28:17,3845,15.56,291.7,16.9,46.207903,6.126527,418.0,True
18:28:18,3778,15.61,291.7,16.9,46.207903,6.126527,418.0,True
18:28:18,3720,15.68,291.7,16.9,46.207903,6.126527,418.0,True
18:28:18,3678,15.73,281.5,16.5,46.207892,6.126582,416.1,True
18:28:18,3623,15.77,281.5,16.5,46.207892,6.126582,416.1,True
18:28:18,3508,15.79,281.5,16.5,46.207892,6.126582,416.1,True
18:28:18,3461,15.83,281.5,16.5,46.207892,6.126582,416.1,True
18:28:18,3281,15.98,281.5,16.5,46.207892,6.126582,416.1,True
18:28:18,3194,16.10,276.7,16.5,46.207892,6.126582,416.1,True
18:28:18,3115,16.24,276.7,16.5,46.207892,6.126582,416.1,True
18:28:19,3059,16.20,276.7,16.5,46.207892,6.126582,416.1,True
18:28:19,3068,16.18,276.7,16.5,46.207892,6.126582,416.1,True
18:28:19,3068,16.20,276.7,16.5,46.207892,6.126582,416.1,True
18:28:19,3080,15.84,283.5,19.2,46.207861,6.126665,415.2,True
18:28:19,3087,15.51,283.5,19.2,46.207861,6.126665,415.2,True
18:28:19,3062,15.20,283.5,19.2,46.207861,6.126665,415.2,True
18:28:19,3007,15.75,283.5,19.2,46.207861,6.126665,415.2,True
18:28:19,2971,16.21,283.5,19.2,46.207861,6.126665,415.2,True
18:28:19,2942,16.57,288.7,19.2,46.207861,6.126665,415.2,True
18:28:19,3006,16.77,288.7,19.2,46.207861,6.126665,415.2,True
18:28:19,3053,16.97,288.7,19.2,46.207861,6.126665,415.2,True
18:28:20,3106,17.08,288.7,19.2,46.207861,6.126665,415.2,True
18:28:20,3099,16.87,288.7,19.2,46.207861,6.126665,415.2,True
18:28:20,3070,16.72,291.7,21.3,46.207827,6.126740,414.2,True
18:28:20,3045,16.52,291.7,21.3,46.207827,6.126740,414.2,True
18:28:20,3053,16.33,291.7,21.3,46.207827,6.126740,414.2,True
18:28:20,3088,16.17,291.7,21.3,46.207827,6.126740,414.2,True
18:28:20,3025,16.02,291.7,21.3,46.207827,6.126740,414.2,True
18:28:20,2958,15.85,290.2,21.3,46.207827,6.126740,414.2,True
18:28:20,2989,15.73,290.2,21.3,46.207827,6.126740,414.2,True
18:28:20,3083,15.62,290.2,21.3,46.207827,6.126740,414.2,True
18:28:21,3171,15.54,290.2,21.3,46.207827,6.126740,414.2,True
18:28:21,3133,15.49,290.2,21.3,46.207827,6.126740,414.2,True
18:28:21,3168,15.46,295.5,25.5,46.207788,6.126828,413.2,True
18:28:21,3241,15.17,295.5,25.5,46.207788,6.126828,413.2,True
18:28:21,3267,14.90,295.5,25.5,46.207788,6.126828,413.2,True
18:28:21,3347,14.72,295.5,25.5,46.207788,6.126828,413.2,True
18:28:21,3394,15.11,295.5,25.5,46.207788,6.126828,413.2,True
18:28:21,3366,15.49,301.7,25.5,46.207788,6.126828,413.2,True
18:28:21,3327,15.79,301.7,25.5,46.207788,6.126828,413.2,True
18:28:21,3258,15.91,301.7,25.5,46.207788,6.126828,413.2,True
18:28:22,3164,16.04,301.7,25.5,46.207788,6.126828,413.2,True
18:28:22,3082,16.14,301.7,25.5,46.207788,6.126828,413.2,True
18:28:22,3101,15.98,304.7,29.5,46.207754,6.126942,414.0,True
18:28:22,3057,15.84,304.7,29.5,46.207754,6.126942,414.0,True
18:28:22,3063,15.71,304.7,29.5,46.207754,6.126942,414.0,True
18:28:22,2997,15.59,304.7,29.5,46.207754,6.126942,414.0,True
18:28:22,2987,15.49,304.7,29.5,46.207754,6.126942,414.0,True
18:28:22,3015,15.32,299.2,29.5,46.207754,6.126942,414.0,True
18:28:22,3039,15.21,299.2,29.5,46.207754,6.126942,414.0,True
18:28:22,2976,15.11,299.2,29.5,46.207754,6.126942,414.0,True
18:28:23,2926,15.02,299.2,29.5,46.207754,6.126942,414.0,True
18:28:23,2884,14.98,299.2,29.5,46.207754,6.126942,414.0,True
18:28:23,2879,14.96,289.5,31.3,46.207712,6.127053,413.6,True
18:28:23,2832,14.96,289.5,31.3,46.207712,6.127053,413.6,True
18:28:23,2806,14.99,289.5,31.3,46.207712,6.127053,413.6,True
18:28:23,2806,15.01,289.5,31.3,46.207712,6.127053,413.6,True
18:28:23,2779,15.24,289.5,31.3,46.207712,6.127053,413.6,True
18:28:23,2780,15.45,283.2,31.3,46.207712,6.127053,413.6,True
18:28:23,2826,15.63,283.2,31.3,46.207712,6.127053,413.6,True
18:28:23,2816,15.82,283.2,31.3,46.207712,6.127053,413.6,True
18:28:24,2902,15.98,283.2,31.3,46.207712,6.127053,413.6,True
18:28:24,2825,16.09,283.2,31.3,46.207712,6.127053,413.6,True
18:28:24,2813,16.08,278.5,31.1,46.207670,6.127178,416.1,True
18:28:24,2887,16.08,278.5,31.1,46.207670,6.127178,416.1,True
18:28:24,2934,16.03,278.5,31.1,46.207670,6.127178,416.1,True
18:28:24,2975,15.96,278.5,31.1,46.207670,6.127178,416.1,True
18:28:24,2904,15.89,278.5,31.1,46.207670,6.127178,416.1,True
18:28:24,2963,15.82,275.2,31.1,46.207670,6.127178,416.1,True
18:28:24,3012,15.70,275.2,31.1,46.207670,6.127178,416.1,True
18:28:24,3017,15.60,275.2,31.1,46.207670,6.127178,416.1,True
18:28:25,3025,15.50,275.2,31.1,46.207670,6.127178,416.1,True
18:28:25,2950,15.31,275.2,31.1,46.207670,6.127178,416.1,True
18:28:25,3000,15.21,282.5,29.5,46.207632,6.127284,416.2,True
18:28:25,3088,15.10,282.5,29.5,46.207632,6.127284,416.2,True
18:28:25,2988,15.00,282.5,29.5,46.207632,6.127284,416.2,True
18:28:25,2892,14.92,282.5,29.5,46.207632,6.127284,416.2,True
18:28:25,2920,14.81,282.5,29.5,46.207632,6.127284,416.2,True
18:28:25,2893,14.85,281.5,29.5,46.207632,6.127284,416.2,True
18:28:25,2957,14.88,281.5,29.5,46.207632,6.127284,416.2,True
18:28:25,2958,14.93,281.5,29.5,46.207632,6.127284,416.2,True
18:28:26,2920,14.90,281.5,29.5,46.207632,6.127284,416.2,True
18:28:26,2888,14.85,281.5,29.5,46.207632,6.127284,416.2,True
18:28:26,2823,14.85,273.7,30.5,46.207590,6.127393,417.4,True
18:28:26,2853,14.82,273.7,30.5,46.207590,6.127393,417.4,True
18:28:26,2904,14.78,273.7,30.5,46.207590,6.127393,417.4,True
18:28:26,2926,14.75,273.7,30.5,46.207590,6.127393,417.4,True
18:28:26,3004,14.88,273.7,30.5,46.207590,6.127393,417.4,True
18:28:26,2946,15.01,271.2,30.5,46.207590,6.127393,417.4,True
18:28:26,3038,15.11,271.2,30.5,46.207590,6.127393,417.4,True
18:28:26,3082,15.26,271.2,30.5,46.207590,6.127393,417.4,True
18:28:27,3142,15.41,271.2,30.5,46.207590,6.127393,417.4,True
18:28:27,3105,15.55,271.2,30.5,46.207590,6.127393,417.4,True
18:28:27,3076,15.13,276.5,30.2,46.207546,6.127499,418.4,True
18:28:27,3051,14.77,276.5,30.2,46.207546,6.127499,418.4,True
18:28:27,2947,14.70,276.5,30.2,46.207546,6.127499,418.4,True
18:28:27,2953,14.64,276.5,30.2,46.207546,6.127499,418.4,True
18:28:27,2954,14.54,276.5,30.2,46.207546,6.127499,418.4,True
18:28:27,2948,14.61,270.7,30.2,46.207546,6.127499,418.4,True
18:28:27,2862,14.67,270.7,30.2,46.207546,6.127499,418.4,True
18:28:27,2928,14.73,270.7,30.2,46.207546,6.127499,418.4,True
18:28:28,2986,14.85,270.7,30.2,46.207546,6.127499,418.4,True
18:28:28,2933,14.95,270.7,30.2,46.207546,6.127499,418.4,True
18:28:28,2963,15.04,267.2,30.3,46.207506,6.127599,418.5,True
18:28:28,2928,15.33,267.2,30.3,46.207506,6.127599,418.5,True
18:28:28,2908,15.56,267.2,30.3,46.207506,6.127599,418.5,True
18:28:28,2902,15.75,267.2,30.3,46.207506,6.127599,418.5,True
18:28:28,2898,15.85,267.2,30.3,46.207506,6.127599,418.5,True
18:28:28,2867,15.92,260.7,30.3,46.207506,6.127599,418.5,True
18:28:28,2987,15.99,260.7,30.3,46.207506,6.127599,418.5,True
18:28:28,2997,15.87,260.7,30.3,46.207506,6.127599,418.5,True
18:28:29,2968,15.78,260.7,30.3,46.207506,6.127599,418.5,True
18:28:29,3030,15.72,260.7,30.3,46.207506,6.127599,418.5,True
18:28:29,3016,15.48,272.5,29.1,46.207461,6.127698,419.1,True
18:28:29,2972,15.23,272.5,29.1,46.207461,6.127698,419.1,True
18:28:29,3064,15.04,272.5,29.1,46.207461,6.127698,419.1,True
18:28:29,3157,15.51,272.5,29.1,46.207461,6.127698,419.1,True
18:28:29,3119,15.96,272.5,29.1,46.207461,6.127698,419.1,True
18:28:29,3179,16.34,287.7,29.1,46.207461,6.127698,419.1,True
18:28:29,3276,16.41,287.7,29.1,46.207461,6.127698,419.1,True
18:28:29,3282,16.50,287.7,29.1,46.207461,6.127698,419.1,True
18:28:30,3296,16.57,287.7,29.1,46.207461,6.127698,419.1,True
18:28:30,3275,16.35,287.7,29.1,46.207461,6.127698,419.1,True
18:28:30,3316,16.17,302.0,29.9,46.207417,6.127793,419.6,True
18:28:30,3472,15.99,302.0,29.9,46.207417,6.127793,419.6,True
18:28:30,3606,15.73,302.0,29.9,46.207417,6.127793,419.6,True
18:28:30,3675,15.47,302.0,29.9,46.207417,6.127793,419.6,True
18:28:30,3764,15.30,302.0,29.9,46.207417,6.127793,419.6,True
18:28:30,3674,15.07,296.2,29.9,46.207417,6.127793,419.6,True
18:28:30,3718,14.87,296.2,29.9,46.207417,6.127793,419.6,True
18:28:30,3759,14.68,296.2,29.9,46.207417,6.127793,419.6,True
18:28:31,3704,14.48,296.2,29.9,46.207417,6.127793,419.6,True
18:28:31,3615,14.29,296.2,29.9,46.207417,6.127793,419.6,True
18:28:31,3501,14.12,285.5,31.8,46.207369,6.127891,419.8,True
18:28:31,3409,14.09,285.5,31.8,46.207369,6.127891,419.8,True
18:28:31,3422,14.06,285.5,31.8,46.207369,6.127891,419.8,True
18:28:31,3380,14.03,285.5,31.8,46.207369,6.127891,419.8,True
18:28:31,3386,14.36,285.5,31.8,46.207369,6.127891,419.8,True
18:28:31,3433,14.65,276.0,31.8,46.207369,6.127891,419.8,True
18:28:31,3546,14.84,276.0,31.8,46.207369,6.127891,419.8,True
18:28:31,3594,15.18,276.0,31.8,46.207369,6.127891,419.8,True
18:28:32,3467,15.49,276.0,31.8,46.207369,6.127891,419.8,True
18:28:32,3368,15.74,276.0,31.8,46.207369,6.127891,419.8,True
18:28:32,3285,15.93,269.0,33.4,46.207317,6.127994,419.8,True
18:28:32,3215,16.08,269.0,33.4,46.207317,6.127994,419.8,True
18:28:32,3195,16.19,269.0,33.4,46.207317,6.127994,419.8,True
18:28:32,3142,16.24,269.0,33.4,46.207317,6.127994,419.8,True
18:28:32,3134,16.31,269.0,33.4,46.207317,6.127994,419.8,True
18:28:32,3091,16.36,262.5,33.4,46.207317,6.127994,419.8,True
18:28:32,3044,16.41,262.5,33.4,46.207317,6.127994,419.8,True
18:28:32,3016,16.41,262.5,33.4,46.207317,6.127994,419.8,True
18:28:33,2984,16.45,262.5,33.4,46.207317,6.127994,419.8,True
18:28:33,2996,16.47,262.5,33.4,46.207317,6.127994,419.8,True
18:28:33,3005,16.47,257.0,31.9,46.207264,6.128089,419.6,True
18:28:33,2973,16.50,257.0,31.9,46.207264,6.128089,419.6,True
18:28:33,2985,16.54,257.0,31.9,46.207264,6.128089,419.6,True
18:28:33,3139,16.54,257.0,31.9,46.207264,6.128089,419.6,True
18:28:33,3175,16.46,257.0,31.9,46.207264,6.128089,419.6,True
18:28:33,3264,16.38,254.8,31.9,46.207264,6.128089,419.6,True
18:28:33,3371,16.31,254.8,31.9,46.207264,6.128089,419.6,True
18:28:33,3467,16.30,254.8,31.9,46.207264,6.128089,419.6,True
18:28:34,3551,16.27,254.8,31.9,46.207264,6.128089,419.6,True
18:28:34,3692,16.28,254.8,31.9,46.207264,6.128089,419.6,True
18:28:34,3734,16.01,275.7,30.5,46.207225,6.128196,418.6,True
18:28:34,3724,15.80,275.7,30.5,46.207225,6.128196,418.6,True
18:28:34,3882,15.64,275.7,30.5,46.207225,6.128196,418.6,True
18:28:34,4024,15.83,275.7,30.5,46.207225,6.128196,418.6,True
18:28:34,4116,16.00,275.7,30.5,46.207225,6.128196,418.6,True
18:28:34,4153,16.15,295.0,30.5,46.207225,6.128196,418.6,True
18:28:34,4038,15.91,295.0,30.5,46.207225,6.128196,418.6,True
18:28:34,4078,15.67,295.0,30.5,46.207225,6.128196,418.6,True
18:28:35,3998,15.46,295.0,30.5,46.207225,6.128196,418.6,True
18:28:35,3956,15.23,295.0,30.5,46.207225,6.128196,418.6,True
18:28:35,4011,15.02,311.5,34.7,46.207178,6.128307,418.3,True
18:28:35,3981,14.85,311.5,34.7,46.207178,6.128307,418.3,True
18:28:35,4089,14.58,311.5,34.7,46.207178,6.128307,418.3,True
18:28:35,4136,14.37,311.5,34.7,46.207178,6.128307,418.3,True
18:28:35,4039,14.15,311.5,34.7,46.207178,6.128307,418.3,True
18:28:35,3963,13.73,310.0,34.7,46.207178,6.128307,418.3,True
18:28:35,3940,13.36,310.0,34.7,46.207178,6.128307,418.3,True
18:28:35,3879,13.06,310.0,34.7,46.207178,6.128307,418.3,True
18:28:36,3870,12.85,310.0,34.7,46.207178,6.128307,418.3,True
18:28:36,3817,12.66,310.0,34.7,46.207178,6.128307,418.3,True
18:28:36,3837,12.51,298.0,43.2,46.207127,6.128440,417.4,True
18:28:36,3854,12.54,298.0,43.2,46.207127,6.128440,417.4,True
18:28:36,3996,12.54,298.0,43.2,46.207127,6.128440,417.4,True
18:28:36,4071,12.56,298.0,43.2,46.207127,6.128440,417.4,True
18:28:36,4051,12.84,298.0,43.2,46.207127,6.128440,417.4,True
18:28:36,4110,13.10,289.5,43.2,46.207127,6.128440,417.4,True
18:28:36,4063,13.32,289.5,43.2,46.207127,6.128440,417.4,True
18:28:36,4141,13.65,289.5,43.2,46.207127,6.128440,417.4,True
18:28:37,4167,13.94,289.5,43.2,46.207127,6.128440,417.4,True
18:28:37,4134,14.06,289.5,43.2,46.207127,6.128440,417.4,True
18:28:37,4173,14.15,282.0,42.2,46.207074,6.128589,418.5,True
18:28:37,0,0.00,0.0,42.2,46.207074,6.128589,418.5,True
18:28:37,875,14.70,282.0,42.2,46.207074,6.128589,418.5,True
18:28:37,1567,14.67,282.0,42.2,46.207074,6.128589,418.5,True
18:28:37,2102,14.66,282.0,42.2,46.207074,6.128589,418.5,True
18:28:37,2498,14.60,282.0,42.2,46.207074,6.128589,418.5,True
18:28:37,2786,14.48,275.2,42.2,46.207074,6.128589,418.5,True
18:28:37,3070,14.40,275.2,42.2,46.207074,6.128589,418.5,True
18:28:38,3335,14.33,275.2,42.2,46.207074,6.128589,418.5,True
18:28:38,3555,14.15,275.2,42.2,46.207074,6.128589,418.5,True
18:28:38,3756,14.01,275.2,39.7,46.207018,6.128726,419.0,True
18:28:38,3883,13.93,268.7,39.7,46.207018,6.128726,419.0,True
18:28:38,3999,13.89,268.7,39.7,46.207018,6.128726,419.0,True
18:28:38,4056,13.88,268.7,39.7,46.207018,6.128726,419.0,True
18:28:38,4125,13.87,268.7,39.7,46.207018,6.128726,419.0,True
18:28:38,4190,14.07,268.7,39.7,46.207018,6.128726,419.0,True
18:28:38,4222,14.24,265.5,39.7,46.207018,6.128726,419.0,True
18:28:38,4225,14.36,265.5,39.7,46.207018,6.128726,419.0,True
18:28:39,4259,14.48,265.5,39.7,46.207018,6.128726,419.0,True
18:28:39,4255,14.57,265.5,39.7,46.207018,6.128726,419.0,True
18:28:39,4287,14.60,265.5,39.7,46.206967,6.128857,418.9,True
18:28:39,4311,14.50,261.0,39.7,46.206967,6.128857,418.9,True
18:28:39,4333,14.40,261.0,39.7,46.206967,6.128857,418.9,True
18:28:39,4348,14.30,261.0,39.7,46.206967,6.128857,418.9,True
18:28:39,4351,14.29,261.0,39.7,46.206967,6.128857,418.9,True
18:28:39,4352,14.30,261.0,39.7,46.206967,6.128857,418.9,True
18:28:39,4350,14.30,255.3,39.7,46.206967,6.128857,418.9,True
18:28:40,4338,14.16,255.3,39.7,46.206967,6.128857,418.9,True
18:28:40,4341,14.07,255.3,39.7,46.206967,6.128857,418.9,True
18:28:40,4346,13.99,255.3,39.7,46.206967,6.128857,418.9,True
18:28:40,4328,14.06,255.3,37.8,46.206919,6.128983,418.1,True
18:28:40,4339,14.12,251.3,37.8,46.206919,6.128983,418.1,True
18:28:40,4318,14.19,251.3,37.8,46.206919,6.128983,418.1,True
18:28:40,4303,14.29,251.3,37.8,46.206919,6.128983,418.1,True
18:28:40,4322,14.34,251.3,37.8,46.206919,6.128983,418.1,True
18:28:40,4256,14.39,251.3,37.8,46.206919,6.128983,418.1,True
18:28:40,4244,14.34,247.3,37.8,46.206919,6.128983,418.1,True
18:28:40,4271,14.37,247.3,37.8,46.206919,6.128983,418.1,True
18:28:41,4169,14.27,247.3,37.8,46.206919,6.128983,418.1,True
18:28:41,4138,14.37,247.3,37.8,46.206919,6.128983,418.1,True
18:28:41,4149,14.45,247.3,36.4,46.206873,6.129103,417.1,True
18:28:41,4052,14.52,242.5,36.4,46.206873,6.129103,417.1,True
18:28:41,4027,14.61,242.5,36.4,46.206873,6.129103,417.1,True
18:28:41,4056,14.66,242.5,36.4,46.206873,6.129103,417.1,True
18:28:41,4024,14.70,242.5,36.4,46.206873,6.129103,417.1,True
18:28:41,4017,14.83,242.5,36.4,46.206873,6.129103,417.1,True
18:28:41,4017,14.92,237.8,36.4,46.206873,6.129103,417.1,True
18:28:41,3915,14.99,237.8,36.4,46.206873,6.129103,417.1,True
18:28:42,3823,15.08,237.8,36.4,46.206873,6.129103,417.1,True
18:28:42,3754,15.15,237.8,36.4,46.206873,6.129103,417.1,True
18:28:42,3617,15.29,237.8,35.1,46.206822,6.129228,416.1,True
18:28:42,3544,15.39,233.3,35.1,46.206822,6.129228,416.1,True
18:28:42,3444,15.47,233.3,35.1,46.206822,6.129228,416.1,True
18:28:42,3364,15.58,233.3,35.1,46.206822,6.129228,416.1,True
18:28:42,3296,15.65,233.3,35.1,46.206822,6.129228,416.1,True
18:28:42,3242,15.72,233.3,35.1,46.206822,6.129228,416.1,True
18:28:42,3195,15.79,229.5,35.1,46.206822,6.129228,416.1,True
18:28:42,3157,15.85,229.5,35.1,46.206822,6.129228,416.1,True
18:28:43,3124,15.91,229.5,35.1,46.206822,6.129228,416.1,True
18:28:43,3098,15.92,229.5,35.1,46.206822,6.129228,416.1,True
18:28:43,3076,15.94,229.5,32.9,46.206773,6.129331,414.3,True
18:28:43,3056,15.98,226.5,32.9,46.206773,6.129331,414.3,True
18:28:43,3033,16.02,226.5,32.9,46.206773,6.129331,414.3,True
18:28:43,3020,16.05,226.5,32.9,46.206773,6.129331,414.3,True
18:28:43,3006,16.06,226.5,32.9,46.206773,6.129331,414.3,True
18:28:43,2995,16.05,226.5,32.9,46.206773,6.129331,414.3,True
18:28:43,2984,16.03,223.8,32.9,46.206773,6.129331,414.3,True
18:28:44,2972,16.01,223.8,32.9,46.206773,6.129331,414.3,True
18:28:44,2964,15.96,223.8,32.9,46.206773,6.129331,414.3,True
18:28:44,2956,15.97,223.8,32.9,46.206773,6.129331,414.3,True
18:28:44,3029,15.96,223.8,32.4,46.206727,6.129433,413.0,True
18:28:44,3002,15.90,220.5,32.4,46.206727,6.129433,413.0,True
18:28:44,2983,15.86,220.5,32.4,46.206727,6.129433,413.0,True
18:28:44,2964,15.86,220.5,32.4,46.206727,6.129433,413.0,True
18:28:44,2946,15.77,220.5,32.4,46.206727,6.129433,413.0,True
18:28:44,2933,15.74,220.5,32.4,46.206727,6.129433,413.0,True
18:28:44,2964,15.69,217.8,32.4,46.206727,6.129433,413.0,True
18:28:44,2938,15.69,217.8,32.4,46.206727,6.129433,413.0,True
18:28:45,2929,15.70,217.8,32.4,46.206727,6.129433,413.0,True
18:28:45,2903,15.69,217.8,32.4,46.206727,6.129433,413.0,True
18:28:45,2900,15.70,217.8,31.9,46.206683,6.129534,411.8,True
18:28:45,2874,15.67,217.3,31.9,46.206683,6.129534,411.8,True
18:28:45,2869,15.66,217.3,31.9,46.206683,6.129534,411.8,True
18:28:45,2855,15.66,217.3,31.9,46.206683,6.129534,411.8,True
18:28:45,2881,15.63,217.3,31.9,46.206683,6.129534,411.8,True
18:28:45,2861,15.62,217.3,31.9,46.206683,6.129534,411.8,True
18:28:45,2848,15.57,215.0,31.9,46.206683,6.129534,411.8,True
18:28:45,2840,15.51,215.0,31.9,46.206683,6.129534,411.8,True
18:28:46,2828,15.47,215.0,31.9,46.206683,6.129534,411.8,True
18:28:46,2808,15.36,215.0,31.9,46.206683,6.129534,411.8,True
18:28:46,2796,15.29,215.0,31.2,46.206640,6.129642,411.9,True
18:28:46,2786,15.19,215.3,31.2,46.206640,6.129642,411.9,True
18:28:46,2776,15.17,215.3,31.2,46.206640,6.129642,411.9,True
18:28:46,2769,15.15,215.3,31.2,46.206640,6.129642,411.9,True
18:28:46,2757,15.14,215.3,31.2,46.206640,6.129642,411.9,True
18:28:46,2743,15.15,215.3,31.2,46.206640,6.129642,411.9,True
18:28:46,2738,15.17,212.5,31.2,46.206640,6.129642,411.9,True
18:28:46,2730,15.07,212.5,31.2,46.206640,6.129642,411.9,True
18:28:47,2724,15.00,212.5,31.2,46.206640,6.129642,411.9,True
18:28:47,2711,14.94,212.5,31.2,46.206640,6.129642,411.9,True
18:28:47,2695,14.93,212.5,30.2,46.206600,6.129739,410.9,True
18:28:47,2686,14.88,209.8,30.2,46.206600,6.129739,410.9,True
18:28:47,2678,14.87,209.8,30.2,46.206600,6.129739,410.9,True
18:28:47,2638,14.91,209.8,30.2,46.206600,6.129739,410.9,True
18:28:47,2618,14.93,209.8,30.2,46.206600,6.129739,410.9,True
18:28:47,2583,14.95,209.8,30.2,46.206600,6.129739,410.9,True
18:28:47,2589,14.99,209.0,30.2,46.206600,6.129739,410.9,True
18:28:47,2541,15.02,209.0,30.2,46.206600,6.129739,410.9,True
18:28:48,2586,15.05,209.0,30.2,46.206600,6.129739,410.9,True
18:28:48,2565,15.09,209.0,30.2,46.206600,6.129739,410.9,True
18:28:48,2587,15.10,209.0,27.8,46.206560,6.129834,410.7,True
18:28:48,2592,15.11,207.3,27.8,46.206560,6.129834,410.7,True
18:28:48,2613,15.05,207.3,27.8,46.206560,6.129834,410.7,True
18:28:48,2563,15.03,207.3,27.8,46.206560,6.129834,410.7,True
18:28:48,2600,14.96,207.3,27.8,46.206560,6.129834,410.7,True
18:28:48,2609,14.92,207.3,27.8,46.206560,6.129834,410.7,True
18:28:48,2643,14.93,209.0,27.8,46.206560,6.129834,410.7,True
18:28:48,2618,14.88,209.0,27.8,46.206560,6.129834,410.7,True
18:28:49,2511,14.87,209.0,27.8,46.206560,6.129834,410.7,True
18:28:49,2405,14.82,209.0,27.8,46.206560,6.129834,410.7,True
18:28:49,2330,14.80,209.0,27.5,46.206523,6.129922,409.8,True
18:28:49,2284,14.78,209.0,27.5,46.206523,6.129922,409.8,True
18:28:49,2214,14.73,209.0,27.5,46.206523,6.129922,409.8,True
18:28:49,2167,14.70,209.0,27.5,46.206523,6.129922,409.8,True
18:28:49,2081,14.66,209.0,27.5,46.206523,6.129922,409.8,True
18:28:49,2027,14.60,209.0,27.5,46.206523,6.129922,409.8,True
18:28:49,1936,14.57,210.8,27.5,46.206523,6.129922,409.8,True
18:28:50,1875,14.54,210.8,27.5,46.206523,6.129922,409.8,True
18:28:50,1790,14.52,210.8,27.5,46.206523,6.129922,409.8,True
18:28:50,1853,14.51,210.8,27.5,46.206523,6.129922,409.8,True
18:28:50,1783,14.39,210.8,25.6,46.206490,6.130004,409.0,True
18:28:50,1748,14.30,210.8,25.6,46.206490,6.130004,409.0,True
18:28:50,1719,14.23,210.8,25.6,46.206490,6.130004,409.0,True
18:28:50,1687,14.13,210.8,25.6,46.206490,6.130004,409.0,True
18:28:50,1676,14.05,210.8,25.6,46.206490,6.130004,409.0,True
18:28:50,1639,13.97,210.8,25.6,46.206490,6.130004,409.0,True
18:28:50,1699,13.89,211.5,25.6,46.206490,6.130004,409.0,True
18:28:50,1837,13.87,211.5,25.6,46.206490,6.130004,409.0,True
18:28:51,2028,13.84,211.5,25.6,46.206490,6.130004,409.0,True
18:28:51,2145,13.76,211.5,25.6,46.206490,6.130004,409.0,True
18:28:51,2219,13.72,211.5,21.3,46.206458,6.130075,408.1,True
18:28:51,2310,13.70,210.0,21.3,46.206458,6.130075,408.1,True
18:28:51,2391,13.64,210.0,21.3,46.206458,6.130075,408.1,True
18:28:51,2495,13.60,210.0,21.3,46.206458,6.130075,408.1,True
18:28:51,2483,13.55,210.0,21.3,46.206458,6.130075,408.1,True
18:28:51,2488,13.50,210.0,21.3,46.206458,6.130075,408.1,True
18:28:51,2472,13.46,207.8,21.3,46.206458,6.130075,408.1,True
18:28:51,2468,13.52,207.8,21.3,46.206458,6.130075,408.1,True
18:28:52,2470,13.55,207.8,21.3,46.206458,6.130075,408.1,True
18:28:52,2593,13.60,207.8,21.3,46.206458,6.130075,408.1,True
18:28:52,2688,13.73,207.8,22.2,46.206418,6.130125,407.3,True
18:28:52,2814,13.83,211.0,22.2,46.206418,6.130125,407.3,True
18:28:52,2925,13.90,211.0,22.2,46.206418,6.130125,407.3,True
18:28:52,3030,13.97,211.0,22.2,46.206418,6.130125,407.3,True
18:28:52,3090,14.01,211.0,22.2,46.206418,6.130125,407.3,True
18:28:52,3181,14.04,211.0,22.2,46.206418,6.130125,407.3,True
18:28:52,3229,13.81,223.0,22.2,46.206418,6.130125,407.3,True
18:28:52,3165,13.62,223.0,22.2,46.206418,6.130125,407.3,True
18:28:53,3132,13.45,223.0,22.2,46.206418,6.130125,407.3,True
18:28:53,3120,13.68,223.0,22.2,46.206418,6.130125,407.3,True
18:28:53,3326,13.87,223.0,21.1,46.206375,6.130181,407.2,True
18:28:53,3360,14.03,238.0,21.1,46.206375,6.130181,407.2,True
18:28:53,3573,14.17,238.0,21.1,46.206375,6.130181,407.2,True
18:28:53,3773,14.30,238.0,21.1,46.206375,6.130181,407.2,True
18:28:53,3869,14.41,238.0,21.1,46.206375,6.130181,407.2,True
18:28:53,3875,14.33,238.0,21.1,46.206375,6.130181,407.2,True
18:28:53,3816,14.24,254.3,21.1,46.206375,6.130181,407.2,True
18:28:53,3823,14.19,254.3,21.1,46.206375,6.130181,407.2,True
18:28:54,3801,14.02,254.3,21.1,46.206375,6.130181,407.2,True
18:28:54,3873,13.85,254.3,21.1,46.206375,6.130181,407.2,True
18:28:54,3903,13.72,254.3,22.5,46.206331,6.130243,408.4,True
18:28:54,4011,13.56,271.2,22.5,46.206331,6.130243,408.4,True
18:28:54,4074,13.40,271.2,22.5,46.206331,6.130243,408.4,True
18:28:54,4084,13.25,271.2,22.5,46.206331,6.130243,408.4,True
18:28:54,4058,13.07,271.2,22.5,46.206331,6.130243,408.4,True
18:28:54,4089,12.91,271.2,22.5,46.206331,6.130243,408.4,True
18:28:54,4095,12.76,285.2,22.5,46.206331,6.130243,408.4,True
18:28:55,4049,12.63,285.2,22.5,46.206331,6.130243,408.4,True
18:28:55,4007,12.54,285.2,22.5,46.206331,6.130243,408.4,True
18:28:55,3969,12.48,285.2,22.5,46.206331,6.130243,408.4,True
18:28:55,3922,12.42,285.2,27.1,46.206293,6.130318,407.8,True
18:28:55,3860,12.39,275.0,27.1,46.206293,6.130318,407.8,True
18:28:55,4016,12.36,275.0,27.1,46.206293,6.130318,407.8,True
18:28:55,4084,12.32,275.0,27.1,46.206293,6.130318,407.8,True
18:28:55,3994,12.27,275.0,27.1,46.206293,6.130318,407.8,True
18:28:55,3789,12.29,275.0,27.1,46.206293,6.130318,407.8,True
18:28:55,3591,12.56,264.7,27.1,46.206293,6.130318,407.8,True
18:28:55,3363,12.79,264.7,27.1,46.206293,6.130318,407.8,True
18:28:56,3222,12.96,264.7,27.1,46.206293,6.130318,407.8,True
18:28:56,3098,13.45,264.7,27.1,46.206293,6.130318,407.8,True
18:28:56,2977,13.87,264.7,28.8,46.206255,6.130404,406.5,True
18:28:56,2894,14.22,258.2,28.8,46.206255,6.130404,406.5,True
18:28:56,2830,14.49,258.2,28.8,46.206255,6.130404,406.5,True
18:28:56,2768,14.73,258.2,28.8,46.206255,6.130404,406.5,True
18:28:56,2772,14.79,258.2,28.8,46.206255,6.130404,406.5,True
18:28:56,2729,14.81,258.2,28.8,46.206255,6.130404,406.5,True
18:28:56,2708,14.83,256.7,28.8,46.206255,6.130404,406.5,True
18:28:57,2736,14.88,256.7,28.8,46.206255,6.130404,406.5,True
18:28:57,2724,14.92,256.7,28.8,46.206255,6.130404,406.5,True
18:28:57,2718,14.96,256.7,28.8,46.206255,6.130404,406.5,True
18:28:57,2720,14.61,256.7,27.9,46.206216,6.130496,406.4,True
18:28:57,2724,14.31,265.7,27.9,46.206216,6.130496,406.4,True
18:28:57,2720,14.04,265.7,27.9,46.206216,6.130496,406.4,True
18:28:57,2696,14.36,265.7,27.9,46.206216,6.130496,406.4,True
18:28:57,2686,14.62,265.7,27.9,46.206216,6.130496,406.4,True
18:28:57,2687,14.81,265.7,27.9,46.206216,6.130496,406.4,True
18:28:57,2682,14.83,266.7,27.9,46.206216,6.130496,406.4,True
18:28:57,2680,14.87,266.7,27.9,46.206216,6.130496,406.4,True
18:28:58,2671,14.92,266.7,27.9,46.206216,6.130496,406.4,True
18:28:58,2665,14.93,266.7,27.9,46.206216,6.130496,406.4,True
18:28:58,2657,14.95,266.7,27.7,46.206178,6.130585,405.7,True
18:28:58,2648,14.96,259.7,27.7,46.206178,6.130585,405.7,True
18:28:58,2639,14.98,259.7,27.7,46.206178,6.130585,405.7,True
18:28:58,2643,15.02,259.7,27.7,46.206178,6.130585,405.7,True
18:28:58,2630,15.06,259.7,27.7,46.206178,6.130585,405.7,True
18:28:58,2600,15.20,259.7,27.7,46.206178,6.130585,405.7,True
18:28:58,2595,15.35,254.8,27.7,46.206178,6.130585,405.7,True
18:28:58,2591,15.47,254.8,27.7,46.206178,6.130585,405.7,True
18:28:59,2573,15.56,254.8,27.7,46.206178,6.130585,405.7,True
18:28:59,2563,15.61,254.8,27.7,46.206178,6.130585,405.7,True
18:28:59,2595,15.66,254.8,27.5,46.206140,6.130675,404.8,True
18:28:59,2577,15.60,249.8,27.5,46.206140,6.130675,404.8,True
18:28:59,2558,15.54,249.8,27.5,46.206140,6.130675,404.8,True
18:28:59,2544,15.48,249.8,27.5,46.206140,6.130675,404.8,True
18:28:59,2531,15.42,249.8,27.5,46.206140,6.130675,404.8,True
18:28:59,2517,15.35,249.8,27.5,46.206140,6.130675,404.8,True
18:28:59,2508,15.30,244.8,27.5,46.206140,6.130675,404.8,True
18:29:00,2492,15.23,244.8,27.5,46.206140,6.130675,404.8,True
18:29:00,2491,15.19,244.8,27.5,46.206140,6.130675,404.8,True
18:29:00,2468,15.14,244.8,27.5,46.206140,6.130675,404.8,True
18:29:00,2460,15.11,244.8,26.8,46.206107,6.130768,404.2,True
18:29:00,2447,15.07,241.3,26.8,46.206107,6.130768,404.2,True
18:29:00,2436,15.06,241.3,26.8,46.206107,6.130768,404.2,True
18:29:00,2426,15.06,241.3,26.8,46.206107,6.130768,404.2,True
18:29:00,2467,15.05,241.3,26.8,46.206107,6.130768,404.2,True
18:29:00,2437,15.04,241.3,26.8,46.206107,6.130768,404.2,True
18:29:00,2448,15.04,238.5,26.8,46.206107,6.130768,404.2,True
18:29:00,2426,15.02,238.5,26.8,46.206107,6.130768,404.2,True
18:29:01,2387,14.99,238.5,26.8,46.206107,6.130768,404.2,True
18:29:01,2378,14.99,238.5,26.8,46.206107,6.130768,404.2,True
18:29:01,2446,15.00,238.5,25.1,46.206072,6.130859,404.1,True
18:29:01,2420,15.02,237.0,25.1,46.206072,6.130859,404.1,True
18:29:01,2400,15.02,237.0,25.1,46.206072,6.130859,404.1,True
18:29:01,2378,15.02,237.0,25.1,46.206072,6.130859,404.1,True
18:29:01,2414,14.91,237.0,25.1,46.206072,6.130859,404.1,True
18:29:01,2369,14.79,237.0,25.1,46.206072,6.130859,404.1,True
18:29:01,2338,14.72,237.0,25.1,46.206072,6.130859,404.1,True
18:29:01,2328,14.68,237.0,25.1,46.206072,6.130859,404.1,True
18:29:02,2309,14.62,237.0,25.1,46.206072,6.130859,404.1,True
18:29:02,2286,14.59,237.0,25.1,46.206072,6.130859,404.1,True
18:29:02,2279,14.61,237.0,24.0,46.206040,6.130937,402.6,True
18:29:02,2302,14.63,236.3,24.0,46.206040,6.130937,402.6,True
18:29:02,2342,14.64,236.3,24.0,46.206040,6.130937,402.6,True
18:29:02,2396,14.56,236.3,24.0,46.206040,6.130937,402.6,True
18:29:02,2367,14.52,236.3,24.0,46.206040,6.130937,402.6,True
18:29:02,2330,14.48,236.3,24.0,46.206040,6.130937,402.6,True
18:29:02,2304,14.42,237.8,24.0,46.206040,6.130937,402.6,True
18:29:02,2326,14.33,237.8,24.0,46.206040,6.130937,402.6,True
18:29:03,2342,14.27,237.8,24.0,46.206040,6.130937,402.6,True
18:29:03,2321,14.22,237.8,24.0,46.206040,6.130937,402.6,True
18:29:03,2302,14.14,237.8,21.9,46.206007,6.131017,402.0,True
18:29:03,0,0.00,0.0,21.9,46.206007,6.131017,402.0,True
18:29:03,448,13.83,243.5,21.9,46.206007,6.131017,402.0,True
18:29:03,846,13.67,243.5,21.9,46.206007,6.131017,402.0,True
18:29:03,1206,13.52,243.5,21.9,46.206007,6.131017,402.0,True
18:29:03,1518,13.38,243.5,21.9,46.206007,6.131017,402.0,True
18:29:03,1696,13.31,243.5,21.9,46.206007,6.131017,402.0,True
18:29:03,1982,13.26,248.0,21.9,46.206007,6.131017,402.0,True
18:29:04,2198,13.21,248.0,21.9,46.206007,6.131017,402.0,True
18:29:04,2389,13.36,248.0,21.9,46.206007,6.131017,402.0,True
18:29:04,2534,13.48,248.0,22.6,46.205979,6.131103,401.5,True
18:29:04,2652,13.60,248.0,22.6,46.205979,6.131103,401.5,True
18:29:04,2736,13.75,252.3,22.6,46.205979,6.131103,401.5,True
18:29:04,2782,13.88,252.3,22.6,46.205979,6.131103,401.5,True
18:29:04,2726,13.99,252.3,22.6,46.205979,6.131103,401.5,True
18:29:04,2676,14.14,252.3,22.6,46.205979,6.131103,401.5,True
18:29:04,2704,14.26,252.3,22.6,46.205979,6.131103,401.5,True
18:29:04,2805,14.37,256.2,22.6,46.205979,6.131103,401.5,True
18:29:05,2865,14.48,256.2,22.6,46.205979,6.131103,401.5,True
18:29:05,2830,14.57,256.2,22.6,46.205979,6.131103,401.5,True
18:29:05,2781,14.67,256.2,26.1,46.205956,6.131203,401.0,True
18:29:05,2711,14.75,256.2,26.1,46.205956,6.131203,401.0,True
18:29:05,2642,14.80,255.0,26.1,46.205956,6.131203,401.0,True
18:29:05,2625,14.84,255.0,26.1,46.205956,6.131203,401.0,True
18:29:05,2575,14.85,255.0,26.1,46.205956,6.131203,401.0,True
18:29:05,2514,14.89,255.0,26.1,46.205956,6.131203,401.0,True
18:29:05,2470,14.93,255.0,26.1,46.205956,6.131203,401.0,True
18:29:05,2421,15.03,254.3,26.1,46.205956,6.131203,401.0,True
18:29:06,2400,15.10,254.3,26.1,46.205956,6.131203,401.0,True
18:29:06,2340,15.17,254.3,26.1,46.205956,6.131203,401.0,True
18:29:06,2290,15.27,254.3,26.3,46.205913,6.131293,403.0,True
18:29:06,2253,15.33,254.3,26.3,46.205913,6.131293,403.0,True
18:29:06,2231,15.28,253.5,26.3,46.205913,6.131293,403.0,True
18:29:06,2194,15.24,253.5,26.3,46.205913,6.131293,403.0,True
18:29:06,2153,15.18,253.5,26.3,46.205913,6.131293,403.0,True
18:29:06,2099,15.07,253.5,26.3,46.205913,6.131293,403.0,True
18:29:06,2065,14.96,253.5,26.3,46.205913,6.131293,403.0,True
18:29:06,2012,14.87,251.0,26.3,46.205913,6.131293,403.0,True
18:29:07,1978,14.73,251.0,26.3,46.205913,6.131293,403.0,True
18:29:07,1925,14.61,251.0,26.3,46.205913,6.131293,403.0,True
18:29:07,1934,14.54,251.0,24.1,46.205875,6.131373,403.1,True
18:29:07,1873,14.41,251.0,24.1,46.205875,6.131373,403.1,True
18:29:07,1843,14.33,249.3,24.1,46.205875,6.131373,403.1,True
18:29:07,1817,14.25,249.3,24.1,46.205875,6.131373,403.1,True
18:29:07,1900,14.22,249.3,24.1,46.205875,6.131373,403.1,True
18:29:07,1978,14.20,249.3,24.1,46.205875,6.131373,403.1,True
18:29:07,2040,14.20,249.3,24.1,46.205875,6.131373,403.1,True
18:29:07,2072,14.21,246.0,24.1,46.205875,6.131373,403.1,True
18:29:08,2099,14.20,246.0,24.1,46.205875,6.131373,403.1,True
18:29:08,2114,14.15,246.0,24.1,46.205875,6.131373,403.1,True
18:29:08,2131,14.17,246.0,22.4,46.205836,6.131441,403.5,True
18:29:08,2154,14.19,246.0,22.4,46.205836,6.131441,403.5,True
18:29:08,2141,14.21,243.8,22.4,46.205836,6.131441,403.5,True
18:29:08,2145,14.24,243.8,22.4,46.205836,6.131441,403.5,True
18:29:08,2112,14.27,243.8,22.4,46.205836,6.131441,403.5,True
18:29:08,2098,14.29,243.8,22.4,46.205836,6.131441,403.5,True
18:29:08,2092,14.40,243.8,22.4,46.205836,6.131441,403.5,True
18:29:09,2097,14.47,242.0,22.4,46.205836,6.131441,403.5,True
18:29:09,2122,14.52,242.0,22.4,46.205836,6.131441,403.5,True
18:29:09,2131,14.55,242.0,22.4,46.205836,6.131441,403.5,True
18:29:09,2151,14.57,242.0,19.8,46.205788,6.131491,406.2,True
18:29:09,2168,14.58,242.0,19.8,46.205788,6.131491,406.2,True
18:29:09,2189,14.47,247.0,19.8,46.205788,6.131491,406.2,True
18:29:09,2221,14.40,247.0,19.8,46.205788,6.131491,406.2,True
18:29:09,2258,14.33,247.0,19.8,46.205788,6.131491,406.2,True
18:29:09,2294,14.07,247.0,19.8,46.205788,6.131491,406.2,True
18:29:09,2338,13.84,247.0,19.8,46.205788,6.131491,406.2,True
18:29:09,2378,13.64,256.0,19.8,46.205788,6.131491,406.2,True
18:29:10,2555,14.24,256.0,19.8,46.205788,6.131491,406.2,True
18:29:10,2638,14.72,256.0,19.8,46.205788,6.131491,406.2,True
18:29:10,2685,15.11,256.0,18.3,46.205752,6.131543,409.3,True
18:29:10,2759,15.27,256.0,18.3,46.205752,6.131543,409.3,True
18:29:10,2783,15.41,258.7,18.3,46.205752,6.131543,409.3,True
18:29:10,2726,15.53,258.7,18.3,46.205752,6.131543,409.3,True
18:29:10,2723,15.47,258.7,18.3,46.205752,6.131543,409.3,True
18:29:10,2744,15.42,258.7,18.3,46.205752,6.131543,409.3,True
18:29:10,2686,15.36,258.7,18.3,46.205752,6.131543,409.3,True
18:29:10,2668,15.32,252.3,18.3,46.205752,6.131543,409.3,True
18:29:11,2660,15.28,252.3,18.3,46.205752,6.131543,409.3,True
18:29:11,2700,15.26,252.3,18.3,46.205752,6.131543,409.3,True
18:29:11,2662,15.26,252.3,18.1,46.205722,6.131593,409.9,True
18:29:11,2615,15.26,252.3,18.1,46.205722,6.131593,409.9,True
18:29:11,2545,15.31,247.3,18.1,46.205722,6.131593,409.9,True
18:29:11,2508,15.34,247.3,18.1,46.205722,6.131593,409.9,True
18:29:11,2461,15.37,247.3,18.1,46.205722,6.131593,409.9,True
18:29:11,2462,15.36,247.3,18.1,46.205722,6.131593,409.9,True
18:29:11,2558,15.33,247.3,18.1,46.205722,6.131593,409.9,True
18:29:11,2490,15.31,245.8,18.1,46.205722,6.131593,409.9,True
18:29:12,2561,15.28,245.8,18.1,46.205722,6.131593,409.9,True
18:29:12,2510,15.19,245.8,18.1,46.205722,6.131593,409.9,True
18:29:12,2394,15.16,245.8,18.5,46.205709,6.131670,410.3,True
18:29:12,2308,15.07,245.8,18.5,46.205709,6.131670,410.3,True
18:29:12,2214,14.99,244.0,18.5,46.205709,6.131670,410.3,True
18:29:12,2121,14.93,244.0,18.5,46.205709,6.131670,410.3,True
18:29:12,2050,14.85,244.0,18.5,46.205709,6.131670,410.3,True
18:29:12,1991,14.78,244.0,18.5,46.205709,6.131670,410.3,True
18:29:12,1917,14.73,244.0,18.5,46.205709,6.131670,410.3,True
18:29:12,1873,14.62,242.3,18.5,46.205709,6.131670,410.3,True
18:29:13,1895,14.51,242.3,18.5,46.205709,6.131670,410.3,True
18:29:13,1860,14.43,242.3,18.5,46.205709,6.131670,410.3,True
18:29:13,1864,14.41,242.3,17.6,46.205693,6.131734,409.4,True
18:29:13,1839,14.40,242.3,17.6,46.205693,6.131734,409.4,True
18:29:13,1801,14.36,241.0,17.6,46.205693,6.131734,409.4,True
18:29:13,1804,14.31,241.0,17.6,46.205693,6.131734,409.4,True
18:29:13,1797,14.28,241.0,17.6,46.205693,6.131734,409.4,True
18:29:13,1756,14.27,241.0,17.6,46.205693,6.131734,409.4,True
18:29:13,1701,14.22,241.0,17.6,46.205693,6.131734,409.4,True
18:29:14,1732,14.16,240.3,17.6,46.205693,6.131734,409.4,True
18:29:14,1696,14.13,240.3,17.6,46.205693,6.131734,409.4,True
18:29:14,1712,14.01,240.3,17.6,46.205693,6.131734,409.4,True
18:29:14,1673,13.89,240.3,11.7,46.205681,6.131785,408.7,True
18:29:14,1661,13.82,240.3,11.7,46.205681,6.131785,408.7,True
18:29:14,1726,13.75,238.5,11.7,46.205681,6.131785,408.7,True
18:29:14,1704,13.67,238.5,11.7,46.205681,6.131785,408.7,True
18:29:14,1722,13.60,238.5,11.7,46.205681,6.131785,408.7,True
18:29:14,1782,13.58,238.5,11.7,46.205681,6.131785,408.7,True
18:29:14,1849,13.55,238.5,11.7,46.205681,6.131785,408.7,True
18:29:14,1964,13.53,238.8,11.7,46.205681,6.131785,408.7,True
18:29:15,2067,13.55,238.8,11.7,46.205681,6.131785,408.7,True
18:29:15,2111,13.54,238.8,11.7,46.205681,6.131785,408.7,True
18:29:15,2070,13.56,238.8,5.0,46.205677,6.131825,409.9,True
18:29:15,2022,13.55,238.8,5.0,46.205677,6.131825,409.9,True
18:29:15,1972,13.49,241.8,5.0,46.205677,6.131825,409.9,True
18:29:15,1946,13.47,241.8,5.0,46.205677,6.131825,409.9,True
18:29:15,1914,13.33,241.8,5.0,46.205677,6.131825,409.9,True
18:29:15,1891,13.20,241.8,5.0,46.205677,6.131825,409.9,True
18:29:15,1888,13.12,241.8,5.0,46.205677,6.131825,409.9,True
18:29:15,1830,13.06,239.5,5.0,46.205677,6.131825,409.9,True
18:29:16,1766,13.02,239.5,5.0,46.205677,6.131825,409.9,True
18:29:16,1713,13.10,239.5,5.0,46.205677,6.131825,409.9,True
18:29:16,1678,13.18,239.5,8.8,46.205678,6.131855,409.3,True
18:29:16,1631,13.24,239.5,8.8,46.205678,6.131855,409.3,True
18:29:16,1604,13.41,238.0,8.8,46.205678,6.131855,409.3,True
18:29:16,1573,13.53,238.0,8.8,46.205678,6.131855,409.3,True
18:29:16,1546,13.64,238.0,8.8,46.205678,6.131855,409.3,True
18:29:16,1524,13.80,238.0,8.8,46.205678,6.131855,409.3,True
18:29:16,1532,13.93,238.0,8.8,46.205678,6.131855,409.3,True
18:29:17,1523,14.03,236.0,8.8,46.205678,6.131855,409.3,True
18:29:17,1553,14.08,236.0,8.8,46.205678,6.131855,409.3,True
18:29:17,1615,14.15,236.0,8.8,46.205678,6.131855,409.3,True
18:29:17,1574,14.18,236.0,8.8,46.205678,6.131899,409.3,True
18:29:17,1537,14.13,236.0,8.8,46.205678,6.131899,409.3,True
18:29:17,1571,14.09,235.5,8.8,46.205678,6.131899,409.3,True
18:29:17,1537,14.06,235.5,8.8,46.205678,6.131899,409.3,True
18:29:17,1517,13.99,235.5,8.8,46.205678,6.131899,409.3,True
18:29:17,1479,13.94,235.5,8.8,46.205678,6.131899,409.3,True
18:29:17,1475,13.87,235.5,8.8,46.205678,6.131899,409.3,True
18:29:17,1449,13.78,233.8,8.8,46.205678,6.131899,409.3,True
18:29:18,1450,13.72,233.8,8.8,46.205678,6.131899,409.3,True
18:29:18,1429,13.72,233.8,8.8,46.205678,6.131899,409.3,True
18:29:18,1439,13.65,233.8,6.1,46.205671,6.131926,408.3,True
18:29:18,1409,13.62,233.8,6.1,46.205671,6.131926,408.3,True
18:29:18,1446,13.61,232.3,6.1,46.205671,6.131926,408.3,True
18:29:18,1475,13.59,232.3,6.1,46.205671,6.131926,408.3,True
18:29:18,1509,13.61,232.3,6.1,46.205671,6.131926,408.3,True
18:29:18,1497,13.61,232.3,6.1,46.205671,6.131926,408.3,True
18:29:18,1501,13.63,232.3,6.1,46.205671,6.131926,408.3,True
18:29:18,1478,13.66,232.5,6.1,46.205671,6.131926,408.3,True
18:29:19,1448,13.67,232.5,6.1,46.205671,6.131926,408.3,True
18:29:19,1440,13.66,232.5,6.1,46.205671,6.131926,408.3,True
18:29:19,1468,13.65,232.5,1.0,46.205667,6.131939,406.9,True
18:29:19,1442,13.63,232.5,1.0,46.205667,6.131939,406.9,True
18:29:19,1413,13.57,231.5,1.0,46.205667,6.131939,406.9,True
18:29:19,1402,13.55,231.5,1.0,46.205667,6.131939,406.9,True
18:29:19,1389,13.53,231.5,1.0,46.205667,6.131939,406.9,True
18:29:19,1376,13.52,231.5,1.0,46.205667,6.131939,406.9,True
18:29:19,1357,13.52,231.5,1.0,46.205667,6.131939,406.9,True
18:29:20,1475,13.52,230.5,1.0,46.205667,6.131939,406.9,True
18:29:20,1470,13.49,230.5,1.0,46.205667,6.131939,406.9,True
18:29:20,1448,13.50,230.5,1.0,46.205667,6.131939,406.9,True
18:29:20,1456,13.50,230.5,2.2,46.205672,6.131949,406.6,True
18:29:20,1492,13.51,230.5,2.2,46.205672,6.131949,406.6,True
18:29:20,1458,13.50,230.5,2.2,46.205672,6.131949,406.6,True
18:29:20,1479,13.52,230.5,2.2,46.205672,6.131949,406.6,True
18:29:20,1549,13.51,230.5,2.2,46.205672,6.131949,406.6,True
18:29:20,1550,13.53,230.5,2.2,46.205672,6.131949,406.6,True
18:29:20,1513,13.48,230.5,2.2,46.205672,6.131949,406.6,True
18:29:21,1469,13.47,228.5,2.2,46.205672,6.131949,406.6,True
18:29:21,1456,13.48,228.5,2.2,46.205672,6.131949,406.6,True
18:29:21,1425,13.41,228.5,2.2,46.205672,6.131949,406.6,True
18:29:21,1434,13.37,228.5,2.4,46.205675,6.131965,408.3,True
18:29:21,1410,13.32,228.5,2.4,46.205675,6.131965,408.3,True
18:29:21,1392,13.33,228.3,2.4,46.205675,6.131965,408.3,True
18:29:21,1404,13.32,228.3,2.4,46.205675,6.131965,408.3,True
18:29:21,1418,13.32,228.3,2.4,46.205675,6.131965,408.3,True
18:29:21,1396,13.32,228.3,2.4,46.205675,6.131965,408.3,True
18:29:21,1427,13.29,228.3,2.4,46.205675,6.131965,408.3,True
18:29:21,1456,13.28,227.3,2.4,46.205675,6.131965,408.3,True
18:29:22,1470,13.26,227.3,2.4,46.205675,6.131965,408.3,True
18:29:22,1541,13.24,227.3,2.4,46.205675,6.131965,408.3,True
18:29:22,1593,13.22,227.3,3.0,46.205681,6.131973,408.3,True
18:29:22,1596,13.21,227.3,3.0,46.205681,6.131973,408.3,True
18:29:22,1627,13.18,225.8,3.0,46.205681,6.131973,408.3,True
18:29:22,1603,13.22,225.8,3.0,46.205681,6.131973,408.3,True
18:29:22,1589,13.21,225.8,3.0,46.205681,6.131973,408.3,True
18:29:22,1564,13.27,225.8,3.0,46.205681,6.131973,408.3,True
18:29:22,1524,13.31,225.8,3.0,46.205681,6.131973,408.3,True
18:29:22,1493,13.36,225.5,3.0,46.205681,6.131973,408.3,True
18:29:23,1532,13.37,225.5,3.0,46.205681,6.131973,408.3,True
18:29:23,1551,13.41,225.5,3.0,46.205681,6.131973,408.3,True
18:29:23,1518,13.37,225.5,0.0,46.205679,6.131977,409.6,True
18:29:23,1516,13.32,225.5,0.0,46.205679,6.131977,409.6,True
18:29:23,1480,13.29,224.3,0.0,46.205679,6.131977,409.6,True
18:29:23,1483,13.26,224.3,0.0,46.205679,6.131977,409.6,True
18:29:23,1445,13.22,224.3,0.0,46.205679,6.131977,409.6,True
18:29:23,1435,13.17,224.3,0.0,46.205679,6.131977,409.6,True
18:29:23,1481,13.19,224.3,0.0,46.205679,6.131977,409.6,True
18:29:23,1508,13.22,223.0,0.0,46.205679,6.131977,409.6,True
18:29:24,1535,13.22,223.0,0.0,46.205679,6.131977,409.6,True
18:29:24,1548,13.21,223.0,0.0,46.205679,6.131977,409.6,True
18:29:24,1554,13.26,223.0,0.0,46.205681,6.131982,410.2,True
18:29:24,1627,13.27,223.0,0.0,46.205681,6.131982,410.2,True
18:29:24,1635,13.31,222.5,0.0,46.205681,6.131982,410.2,True
18:29:24,1650,13.31,222.5,0.0,46.205681,6.131982,410.2,True
18:29:24,1664,13.32,222.5,0.0,46.205681,6.131982,410.2,True
18:29:24,1696,13.35,222.5,0.0,46.205681,6.131982,410.2,True
18:29:24,1630,13.33,222.5,0.0,46.205681,6.131982,410.2,True
18:29:24,1632,13.32,223.0,0.0,46.205681,6.131982,410.2,True
18:29:25,1575,13.31,223.0,0.0,46.205681,6.131982,410.2,True
18:29:25,1602,13.30,223.0,0.0,46.205681,6.131982,410.2,True
18:29:25,1552,13.31,223.0,0.0,46.205680,6.131980,410.5,True
18:29:25,1555,13.32,223.0,0.0,46.205680,6.131980,410.5,True
18:29:25,1553,13.33,222.8,0.0,46.205680,6.131980,410.5,True
18:29:25,1563,13.27,222.8,0.0,46.205680,6.131980,410.5,True
18:29:25,1528,13.24,222.8,0.0,46.205680,6.131980,410.5,True
18:29:25,1555,13.19,222.8,0.0,46.205680,6.131980,410.5,True
18:29:25,1513,13.20,222.8,0.0,46.205680,6.131980,410.5,True
18:29:25,1480,13.22,223.0,0.0,46.205680,6.131980,410.5,True
18:29:26,1454,13.25,223.0,0.0,46.205680,6.131980,410.5,True
18:29:26,1428,13.23,223.0,0.0,46.205680,6.131980,410.5,True
18:29:26,1469,13.18,223.0,0.0,46.205685,6.131994,412.0,True
18:29:26,1464,13.17,223.0,0.0,46.205685,6.131994,412.0,True
18:29:26,1422,13.14,222.3,0.0,46.205685,6.131994,412.0,True
18:29:26,1449,13.12,222.3,0.0,46.205685,6.131994,412.0,True
18:29:26,1466,13.09,222.3,0.0,46.205685,6.131994,412.0,True
18:29:26,1574,13.09,222.3,0.0,46.205685,6.131994,412.0,True
18:29:26,1618,13.10,222.3,0.0,46.205685,6.131994,412.0,True
18:29:26,1607,13.09,221.8,0.0,46.205685,6.131994,412.0,True
18:29:27,1561,13.12,221.8,0.0,46.205685,6.131994,412.0,True
18:29:27,1553,13.15,221.8,0.0,46.205685,6.131994,412.0,True
18:29:27,1610,13.19,221.8,0.0,46.205684,6.132004,414.4,True
18:29:27,1725,13.17,221.8,0.0,46.205684,6.132004,414.4,True
18:29:27,1732,13.13,222.8,0.0,46.205684,6.132004,414.4,True
18:29:27,1800,13.13,222.8,0.0,46.205684,6.132004,414.4,True
18:29:27,1799,13.10,222.8,0.0,46.205684,6.132004,414.4,True
18:29:27,1780,13.11,222.8,0.0,46.205684,6.132004,414.4,True
18:29:27,1777,13.06,222.8,0.0,46.205684,6.132004,414.4,True
18:29:27,1722,13.01,222.0,0.0,46.205684,6.132004,414.4,True
18:29:28,1655,12.98,222.0,0.0,46.205684,6.132004,414.4,True
18:29:28,1620,12.95,222.0,0.0,46.205684,6.132004,414.4,True
18:29:28,1576,12.95,222.0,0.0,46.205682,6.132007,415.5,True
18:29:28,1550,12.95,222.0,0.0,46.205682,6.132007,415.5,True
18:29:28,1560,12.95,221.5,0.0,46.205682,6.132007,415.5,True
18:29:28,1538,12.92,221.5,0.0,46.205682,6.132007,415.5,True
18:29:28,1527,12.92,221.5,0.0,46.205682,6.132007,415.5,True
18:29:28,1550,12.93,221.5,0.0,46.205682,6.132007,415.5,True
18:29:28,1544,13.00,221.5,0.0,46.205682,6.132007,415.5,True
18:29:28,1561,13.06,222.3,0.0,46.205682,6.132007,415.5,True
18:29:29,1532,13.08,222.3,0.0,46.205682,6.132007,415.5,True
18:29:29,1505,13.15,222.3,0.0,46.205682,6.132007,415.5,True
18:29:29,1502,13.16,222.3,0.0,46.205681,6.132009,416.7,True
18:29:29,1482,13.19,222.3,0.0,46.205681,6.132009,416.7,True
18:29:29,1498,13.12,221.8,0.0,46.205681,6.132009,416.7,True
18:29:29,1491,13.09,221.8,0.0,46.205681,6.132009,416.7,True
18:29:29,1506,13.05,221.8,0.0,46.205681,6.132009,416.7,True
18:29:29,1486,12.99,221.8,0.0,46.205681,6.132009,416.7,True
18:29:29,1555,12.99,221.8,0.0,46.205681,6.132009,416.7,True
18:29:29,1565,12.98,220.8,0.0,46.205681,6.132009,416.7,True
18:29:30,1518,12.95,220.8,0.0,46.205681,6.132009,416.7,True
18:29:30,1607,12.96,220.8,0.0,46.205681,6.132009,416.7,True
18:29:30,1605,12.96,220.8,0.0,46.205684,6.132021,418.8,True
18:29:30,1668,12.94,220.8,0.0,46.205684,6.132021,418.8,True
18:29:30,1682,12.94,220.8,0.0,46.205684,6.132021,418.8,True
18:29:30,1748,12.91,220.8,0.0,46.205684,6.132021,418.8,True
18:29:30,1730,12.88,220.8,0.0,46.205684,6.132021,418.8,True
18:29:30,1743,12.85,220.8,0.0,46.205684,6.132021,418.8,True
18:29:30,1762,12.86,220.8,0.0,46.205684,6.132021,418.8,True
18:29:30,1778,12.90,220.8,0.0,46.205684,6.132021,418.8,True
18:29:31,1727,12.93,220.8,0.0,46.205684,6.132021,418.8,True
18:29:31,1721,12.91,220.8,0.0,46.205684,6.132021,418.8,True
18:29:31,1640,12.92,220.8,0.0,46.205687,6.132032,420.9,True
18:29:31,1678,12.92,220.8,0.0,46.205687,6.132032,420.9,True
18:29:31,1655,12.94,220.0,0.0,46.205687,6.132032,420.9,True
18:29:31,1631,12.95,220.0,0.0,46.205687,6.132032,420.9,True
18:29:31,1603,12.95,220.0,0.0,46.205687,6.132032,420.9,True
18:29:31,1534,12.92,220.0,0.0,46.205687,6.132032,420.9,True
18:29:31,1534,12.88,220.0,0.0,46.205687,6.132032,420.9,True
18:29:31,1522,12.85,218.0,0.0,46.205687,6.132032,420.9,True
18:29:32,1540,12.89,218.0,0.0,46.205687,6.132032,420.9,True
18:29:32,1628,12.92,218.0,0.0,46.205687,6.132032,420.9,True
18:29:32,1636,12.94,218.0,0.0,46.205688,6.132043,423.0,True
18:29:32,1602,13.00,218.0,0.0,46.205688,6.132043,423.0,True
18:29:32,1646,13.06,217.8,0.0,46.205688,6.132043,423.0,True
18:29:32,1858,13.11,217.8,0.0,46.205688,6.132043,423.0,True
18:29:32,1942,13.20,217.8,0.0,46.205688,6.132043,423.0,True
18:29:32,2030,13.29,217.8,0.0,46.205688,6.132043,423.0,True
18:29:32,0,0.00,0.0,0.0,46.205688,6.132043,423.0,True
18:29:32,426,13.83,217.8,0.0,46.205688,6.132043,423.0,True
18:29:33,824,13.71,219.8,0.0,46.205688,6.132043,423.0,True
18:29:33,1087,13.63,219.8,0.0,46.205688,6.132043,423.0,True
18:29:33,1279,13.55,219.8,0.0,46.205689,6.132052,425.2,True
18:29:33,1498,13.48,219.8,0.0,46.205689,6.132052,425.2,True
18:29:33,1612,13.38,219.8,0.0,46.205689,6.132052,425.2,True
18:29:33,1659,13.27,220.3,0.0,46.205689,6.132052,425.2,True
18:29:33,1630,13.34,220.3,0.0,46.205689,6.132052,425.2,True
18:29:33,1594,13.41,220.3,0.0,46.205689,6.132052,425.2,True
18:29:33,1579,13.46,220.3,0.0,46.205689,6.132052,425.2,True
18:29:33,1570,13.59,220.3,0.0,46.205689,6.132052,425.2,True
18:29:34,1558,13.70,219.0,0.0,46.205689,6.132052,425.2,True
18:29:34,1528,13.79,219.0,0.0,46.205689,6.132052,425.2,True
18:29:34,1544,13.86,219.0,0.0,46.205690,6.132062,427.1,True
18:29:34,1499,13.93,219.0,0.0,46.205690,6.132062,427.1,True
18:29:34,1482,13.98,219.0,0.0,46.205690,6.132062,427.1,True
18:29:34,1450,14.00,219.3,0.0,46.205690,6.132062,427.1,True
18:29:34,1431,14.01,219.3,0.0,46.205690,6.132062,427.1,True
18:29:34,1463,14.02,219.3,0.0,46.205690,6.132062,427.1,True
18:29:34,1433,14.01,219.3,0.0,46.205690,6.132062,427.1,True
18:29:34,1413,14.00,219.3,0.0,46.205690,6.132062,427.1,True
18:29:35,1368,13.98,219.0,0.0,46.205690,6.132062,427.1,True
18:29:35,1399,13.94,219.0,0.0,46.205690,6.132062,427.1,True
18:29:35,1392,13.93,219.0,0.0,46.205689,6.132079,429.4,True
18:29:35,1477,13.85,219.0,0.0,46.205689,6.132079,429.4,True
18:29:35,1512,13.82,219.0,0.0,46.205689,6.132079,429.4,True
18:29:35,1576,13.78,217.8,0.0,46.205689,6.132079,429.4,True
18:29:35,1609,13.72,217.8,0.0,46.205689,6.132079,429.4,True
18:29:35,1664,13.66,217.8,0.0,46.205689,6.132079,429.4,True
18:29:35,1717,13.62,217.8,0.0,46.205689,6.132079,429.4,True
18:29:35,1655,13.59,217.8,0.0,46.205689,6.132079,429.4,True
18:29:36,1619,13.57,218.3,0.0,46.205689,6.132079,429.4,True
18:29:36,1650,13.52,218.3,0.0,46.205689,6.132079,429.4,True
18:29:36,1722,13.48,218.3,0.0,46.205688,6.132086,430.5,True
18:29:36,1704,13.46,218.3,0.0,46.205688,6.132086,430.5,True
18:29:36,1720,13.42,218.3,0.0,46.205688,6.132086,430.5,True
18:29:36,1666,13.39,218.3,0.0,46.205688,6.132086,430.5,True
18:29:36,1702,13.38,218.3,0.0,46.205688,6.132086,430.5,True
18:29:36,1650,13.39,218.3,0.0,46.205688,6.132086,430.5,True
18:29:36,1663,13.33,218.3,0.0,46.205688,6.132086,430.5,True
18:29:36,1681,13.30,218.3,0.0,46.205688,6.132086,430.5,True
18:29:37,1703,13.26,217.5,0.0,46.205688,6.132086,430.5,True
18:29:37,1724,13.25,217.5,0.0,46.205688,6.132086,430.5,True
18:29:37,1772,13.25,217.5,0.0,46.205688,6.132098,432.4,True
18:29:37,1746,13.26,217.5,0.0,46.205688,6.132098,432.4,True
18:29:37,1683,13.23,217.5,0.0,46.205688,6.132098,432.4,True
18:29:37,1667,13.19,218.5,0.0,46.205688,6.132098,432.4,True
18:29:37,1632,13.12,218.5,0.0,46.205688,6.132098,432.4,True
18:29:37,1587,13.15,218.5,0.0,46.205688,6.132098,432.4,True
18:29:37,1592,13.17,218.5,0.0,46.205688,6.132098,432.4,True
18:29:37,1575,13.18,218.5,0.0,46.205688,6.132098,432.4,True
18:29:38,1566,13.13,218.3,0.0,46.205688,6.132098,432.4,True
18:29:38,1546,13.08,218.3,0.0,46.205688,6.132098,432.4,True
18:29:38,1585,13.03,218.3,0.0,46.205688,6.132104,433.3,True
18:29:38,1600,12.99,218.3,0.0,46.205688,6.132104,433.3,True
18:29:38,1570,12.94,218.3,0.0,46.205688,6.132104,433.3,True
18:29:38,1571,12.89,219.0,0.0,46.205688,6.132104,433.3,True
18:29:38,1583,12.90,219.0,0.0,46.205688,6.132104,433.3,True
18:29:38,1606,12.89,219.0,0.0,46.205688,6.132104,433.3,True
18:29:38,1585,12.87,219.0,0.0,46.205688,6.132104,433.3,True
18:29:38,1568,12.89,219.0,0.0,46.205688,6.132104,433.3,True
18:29:39,1573,12.90,217.8,0.0,46.205688,6.132104,433.3,True
18:29:39,1530,12.92,217.8,0.0,46.205688,6.132104,433.3,True
18:29:39,1516,12.90,217.8,0.0,46.205688,6.132109,434.2,True
18:29:39,1490,12.87,217.8,0.0,46.205688,6.132109,434.2,True
18:29:39,1483,12.88,217.8,0.0,46.205688,6.132109,434.2,True
18:29:39,1488,12.92,216.8,0.0,46.205688,6.132109,434.2,True
18:29:39,1482,12.93,216.8,0.0,46.205688,6.132109,434.2,True
18:29:39,1477,12.90,216.8,0.0,46.205688,6.132109,434.2,True
18:29:39,1463,13.01,216.8,0.0,46.205688,6.132109,434.2,True
18:29:39,1467,13.11,216.8,0.0,46.205688,6.132109,434.2,True
18:29:40,1457,13.19,217.3,0.0,46.205688,6.132109,434.2,True
18:29:40,1472,13.22,217.3,0.0,46.205688,6.132109,434.2,True
18:29:40,1468,13.25,217.3,0.0,46.205689,6.132114,435.0,True
18:29:40,1480,13.26,217.3,0.0,46.205689,6.132114,435.0,True
18:29:40,1478,13.26,217.3,0.0,46.205689,6.132114,435.0,True
18:29:40,1500,13.24,217.5,0.0,46.205689,6.132114,435.0,True
18:29:40,1493,13.22,217.5,0.0,46.205689,6.132114,435.0,True
18:29:40,1476,13.22,217.5,0.0,46.205689,6.132114,435.0,True
18:29:40,1473,13.18,217.5,0.0,46.205689,6.132114,435.0,True
18:29:40,1451,13.11,217.5,0.0,46.205689,6.132114,435.0,True
18:29:41,1426,13.06,217.0,0.0,46.205689,6.132114,435.0,True
18:29:41,1455,13.03,217.0,0.0,46.205689,6.132114,435.0,True
18:29:41,1489,12.97,217.0,0.0,46.205689,6.132120,435.9,True
18:29:41,1474,12.93,217.0,0.0,46.205689,6.132120,435.9,True
18:29:41,1444,12.91,217.0,0.0,46.205689,6.132120,435.9,True
18:29:41,1420,12.92,215.3,0.0,46.205689,6.132120,435.9,True
18:29:41,1411,12.90,215.3,0.0,46.205689,6.132120,435.9,True
18:29:41,1392,12.88,215.3,0.0,46.205689,6.132120,435.9,True
18:29:41,1367,12.97,215.3,0.0,46.205689,6.132120,435.9,True
18:29:41,1343,13.03,215.3,0.0,46.205689,6.132120,435.9,True
18:29:42,1319,13.09,215.3,0.0,46.205689,6.132120,435.9,True
18:29:42,1312,13.13,215.3,0.0,46.205689,6.132120,435.9,True
18:29:42,1312,13.20,215.3,0.0,46.205689,6.132124,436.5,True
18:29:42,1314,13.26,215.3,0.0,46.205689,6.132124,436.5,True
18:29:42,1342,13.25,215.3,0.0,46.205689,6.132124,436.5,True
18:29:42,1344,13.24,214.3,0.0,46.205689,6.132124,436.5,True
18:29:42,1366,13.26,214.3,0.0,46.205689,6.132124,436.5,True
18:29:42,1387,13.26,214.3,0.0,46.205689,6.132124,436.5,True
18:29:42,1413,13.28,214.3,0.0,46.205689,6.132124,436.5,True
18:29:42,1427,13.34,214.3,0.0,46.205689,6.132124,436.5,True
18:29:43,1445,13.35,215.0,0.0,46.205689,6.132124,436.5,True
18:29:43,1449,13.38,215.0,0.0,46.205689,6.132124,436.5,True
18:29:43,1456,13.41,215.0,0.0,46.205690,6.132131,437.4,True
18:29:43,1450,13.39,215.0,0.0,46.205690,6.132131,437.4,True
18:29:43,1446,13.34,215.0,0.0,46.205690,6.132131,437.4,True
18:29:43,1441,13.27,216.5,0.0,46.205690,6.132131,437.4,True
18:29:43,1429,13.25,216.5,0.0,46.205690,6.132131,437.4,True
18:29:43,1440,13.23,216.5,0.0,46.205690,6.132131,437.4,True
18:29:43,1427,13.20,216.5,0.0,46.205690,6.132131,437.4,True
18:29:43,1438,13.16,216.5,0.0,46.205690,6.132131,437.4,True
18:29:44,1417,13.10,216.8,0.0,46.205690,6.132131,437.4,True
18:29:44,1443,13.05,216.8,0.0,46.205690,6.132131,437.4,True
18:29:44,1431,13.02,216.8,0.0,46.205690,6.132138,438.0,True
18:29:44,1462,12.97,216.8,0.0,46.205690,6.132138,438.0,True
18:29:44,1454,12.99,216.8,0.0,46.205690,6.132138,438.0,True
18:29:44,1467,13.02,216.8,0.0,46.205690,6.132138,438.0,True
18:29:44,1438,13.05,216.8,0.0,46.205690,6.132138,438.0,True
18:29:44,1475,13.03,216.8,0.0,46.205690,6.132138,438.0,True
18:29:44,1540,13.03,216.8,0.0,46.205690,6.132138,438.0,True
18:29:44,1546,13.01,216.8,0.0,46.205690,6.132138,438.0,True
18:29:45,1509,13.00,217.0,0.0,46.205690,6.132138,438.0,True
18:29:45,1522,12.98,217.0,0.0,46.205690,6.132138,438.0,True
18:29:45,1488,12.97,217.0,0.0,46.205690,6.132144,438.6,True
18:29:45,1501,12.98,217.0,0.0,46.205690,6.132144,438.6,True
18:29:45,1474,13.00,217.0,0.0,46.205690,6.132144,438.6,True
18:29:45,1524,12.98,217.5,0.0,46.205690,6.132144,438.6,True
18:29:45,1540,12.99,217.5,0.0,46.205690,6.132144,438.6,True
18:29:45,1532,13.00,217.5,0.0,46.205690,6.132144,438.6,True
18:29:45,1499,13.02,217.5,0.0,46.205690,6.132144,438.6,True
18:29:45,1488,12.98,217.5,0.0,46.205690,6.132144,438.6,True
18:29:46,1499,12.92,217.8,0.0,46.205690,6.132144,438.6,True
18:29:46,1495,12.89,217.8,0.0,46.205690,6.132144,438.6,True
18:29:46,1481,12.92,217.8,0.0,46.205691,6.132150,439.1,True
18:29:46,1484,12.91,217.8,0.0,46.205691,6.132150,439.1,True
18:29:46,1526,12.88,217.8,0.0,46.205691,6.132150,439.1,True
18:29:46,1527,12.92,217.5,0.0,46.205691,6.132150,439.1,True
18:29:46,1565,12.96,217.5,0.0,46.205691,6.132150,439.1,True
18:29:46,1547,12.98,217.5,0.0,46.205691,6.132150,439.1,True
18:29:46,1522,12.97,217.5,0.0,46.205691,6.132150,439.1,True
18:29:46,1481,12.96,217.5,0.0,46.205691,6.132150,439.1,True
18:29:47,1456,12.95,217.5,0.0,46.205691,6.132150,439.1,True
18:29:47,1436,12.93,217.5,0.0,46.205691,6.132150,439.1,True
18:29:47,1481,12.94,217.5,0.0,46.205692,6.132155,439.6,True
18:29:47,1512,12.94,217.5,0.0,46.205692,6.132155,439.6,True
18:29:47,1475,12.93,217.5,0.0,46.205692,6.132155,439.6,True
18:29:47,1465,12.90,217.0,0.0,46.205692,6.132155,439.6,True
18:29:47,1560,12.85,217.0,0.0,46.205692,6.132155,439.6,True
18:29:47,1568,12.87,217.0,0.0,46.205692,6.132155,439.6,True
18:29:47,1617,12.88,217.0,0.0,46.205692,6.132155,439.6,True
18:29:47,1638,12.87,217.0,0.0,46.205692,6.132155,439.6,True
18:29:48,1592,12.97,215.8,0.0,46.205692,6.132155,439.6,True
18:29:48,1525,13.00,215.8,0.0,46.205692,6.132155,439.6,True
18:29:48,1486,13.08,215.8,0.0,46.205694,6.132161,440.0,True
18:29:48,1439,13.13,215.8,0.0,46.205694,6.132161,440.0,True
18:29:48,1442,13.16,215.8,0.0,46.205694,6.132161,440.0,True
18:29:48,1436,13.20,214.0,0.0,46.205694,6.132161,440.0,True
18:29:48,1423,13.19,214.0,0.0,46.205694,6.132161,440.0,True
18:29:48,1391,13.19,214.0,0.0,46.205694,6.132161,440.0,True
18:29:48,1412,13.18,214.0,0.0,46.205694,6.132161,440.0,True
18:29:48,1390,13.21,214.0,0.0,46.205694,6.132161,440.0,True
18:29:49,1407,13.23,214.3,0.0,46.205694,6.132161,440.0,True
18:29:49,1389,13.22,214.3,0.0,46.205694,6.132161,440.0,True
18:29:49,1364,13.25,214.3,0.0,46.205694,6.132161,440.2,True
18:29:49,1372,13.30,214.3,0.0,46.205694,6.132161,440.2,True
18:29:49,1359,13.35,214.3,0.0,46.205694,6.132161,440.2,True
18:29:49,1404,13.31,213.0,0.0,46.205694,6.132161,440.2,True
18:29:49,1377,13.24,213.0,0.0,46.205694,6.132161,440.2,True
18:29:49,1380,13.22,213.0,0.0,46.205694,6.132161,440.2,True
18:29:49,1351,13.23,213.0,0.0,46.205694,6.132161,440.2,True
18:29:49,1378,13.19,213.0,0.0,46.205694,6.132161,440.2,True
18:29:50,1361,13.22,212.8,0.0,46.205694,6.132161,440.2,True
18:29:50,1453,13.24,212.8,0.0,46.205694,6.132161,440.2,True
18:29:50,1421,13.22,212.8,0.0,46.205694,6.132162,440.3,True
18:29:50,1409,13.20,212.8,0.0,46.205694,6.132162,440.3,True
18:29:50,1458,13.21,212.8,0.0,46.205694,6.132162,440.3,True
18:29:50,1466,13.24,212.3,0.0,46.205694,6.132162,440.3,True
18:29:50,1533,13.26,212.3,0.0,46.205694,6.132162,440.3,True
18:29:50,1768,13.27,212.3,0.0,46.205694,6.132162,440.3,True
18:29:50,2259,13.25,212.3,0.0,46.205694,6.132162,440.3,True
18:29:50,2722,13.26,212.3,0.0,46.205694,6.132162,440.3,True
18:29:51,3096,13.28,222.0,0.0,46.205694,6.132162,440.3,True
18:29:51,3278,13.29,222.0,0.0,46.205694,6.132162,440.3,True
18:29:51,3556,13.69,222.0,0.0,46.205694,6.132162,440.5,True
18:29:51,3656,14.04,222.0,0.0,46.205694,6.132162,440.5,True
18:29:51,3726,14.30,222.0,0.0,46.205694,6.132162,440.5,True
18:29:51,3816,14.18,239.8,0.0,46.205694,6.132162,440.5,True
18:29:51,3918,14.12,239.8,0.0,46.205694,6.132162,440.5,True
18:29:51,4019,14.03,239.8,0.0,46.205694,6.132162,440.5,True
18:29:51,4020,13.91,239.8,0.0,46.205694,6.132162,440.5,True
18:29:51,3902,13.83,239.8,0.0,46.205694,6.132162,440.5,True
18:29:52,3792,13.76,252.8,0.0,46.205694,6.132162,440.5,True
18:29:52,3678,13.76,252.8,0.0,46.205694,6.132162,440.5,True
18:29:52,3543,13.68,252.8,3.6,46.205687,6.132165,441.5,True
18:29:52,3551,13.65,252.8,3.6,46.205687,6.132165,441.5,True
18:29:52,3504,13.61,252.8,3.6,46.205687,6.132165,441.5,True
18:29:52,3404,13.58,262.2,3.6,46.205687,6.132165,441.5,True
18:29:52,3330,13.54,262.2,3.6,46.205687,6.132165,441.5,True
18:29:52,3268,13.60,262.2,3.6,46.205687,6.132165,441.5,True
18:29:52,3293,13.66,262.2,3.6,46.205687,6.132165,441.5,True
18:29:53,3270,13.70,262.2,3.6,46.205687,6.132165,441.5,True
18:29:53,3219,13.93,271.7,3.6,46.205687,6.132165,441.5,True
18:29:53,3269,14.11,271.7,3.6,46.205687,6.132165,441.5,True
18:29:53,3404,14.26,271.7,7.6,46.205675,6.132174,442.4,True
18:29:53,3416,14.16,271.7,7.6,46.205675,6.132174,442.4,True
18:29:53,3384,14.06,271.7,7.6,46.205675,6.132174,442.4,True
18:29:53,3384,14.01,277.7,7.6,46.205675,6.132174,442.4,True
18:29:53,3314,13.95,277.7,7.6,46.205675,6.132174,442.4,True
18:29:53,3316,13.88,277.7,7.6,46.205675,6.132174,442.4,True
18:29:53,3205,13.84,277.7,7.6,46.205675,6.132174,442.4,True
18:29:54,3037,13.82,277.7,7.6,46.205675,6.132174,442.4,True
18:29:54,2962,13.82,271.2,7.6,46.205675,6.132174,442.4,True
18:29:54,2873,13.79,271.2,7.6,46.205675,6.132174,442.4,True
18:29:54,2900,13.87,271.2,18.3,46.205653,6.132210,442.9,True
18:29:54,2865,13.94,271.2,18.3,46.205653,6.132210,442.9,True
18:29:54,2814,14.01,271.2,18.3,46.205653,6.132210,442.9,True
18:29:54,2834,13.82,281.5,18.3,46.205653,6.132210,442.9,True
18:29:54,2954,13.69,281.5,18.3,46.205653,6.132210,442.9,True
18:29:54,3094,14.44,281.5,18.3,46.205653,6.132210,442.9,True
18:29:54,3151,15.07,281.5,18.3,46.205653,6.132210,442.9,True
18:29:55,3282,15.61,281.5,18.3,46.205653,6.132210,442.9,True
18:29:55,3533,15.87,294.2,18.3,46.205653,6.132210,442.9,True
18:29:55,3691,16.12,294.2,18.3,46.205653,6.132210,442.9,True
18:29:55,3793,16.34,294.2,19.5,46.205625,6.132263,442.8,True
18:29:55,3907,16.15,294.2,19.5,46.205625,6.132263,442.8,True
18:29:55,4014,15.93,294.2,19.5,46.205625,6.132263,442.8,True
18:29:55,3934,15.81,311.7,19.5,46.205625,6.132263,442.8,True
18:29:55,4077,15.54,311.7,19.5,46.205625,6.132263,442.8,True
18:29:55,4108,15.34,311.7,19.5,46.205625,6.132263,442.8,True
18:29:55,4070,15.15,311.7,19.5,46.205625,6.132263,442.8,True
18:29:56,3843,14.79,311.7,19.5,46.205625,6.132263,442.8,True
18:29:56,3630,14.46,304.5,19.5,46.205625,6.132263,442.8,True
18:29:56,3428,14.20,304.5,19.5,46.205625,6.132263,442.8,True
18:29:56,3236,13.89,304.5,24.1,46.205591,6.132324,442.4,True
18:29:56,3098,13.63,304.5,24.1,46.205591,6.132324,442.4,True
18:29:56,3048,13.40,304.5,24.1,46.205591,6.132324,442.4,True
18:29:56,2941,13.41,292.5,24.1,46.205591,6.132324,442.4,True
18:29:56,2892,13.40,292.5,24.1,46.205591,6.132324,442.4,True
18:29:56,2804,13.39,292.5,24.1,46.205591,6.132324,442.4,True
18:29:56,2741,13.67,292.5,24.1,46.205591,6.132324,442.4,True
18:29:57,2677,13.88,292.5,24.1,46.205591,6.132324,442.4,True
18:29:57,2610,14.07,292.7,24.1,46.205591,6.132324,442.4,True
18:29:57,2535,13.81,292.7,24.1,46.205591,6.132324,442.4,True
18:29:57,2456,13.57,292.7,27.2,46.205541,6.132385,441.7,True
18:29:57,2389,13.36,292.7,27.2,46.205541,6.132385,441.7,True
18:29:57,2324,13.20,292.7,27.2,46.205541,6.132385,441.7,True
18:29:57,2280,13.04,287.7,27.2,46.205541,6.132385,441.7,True
18:29:57,2250,12.90,287.7,27.2,46.205541,6.132385,441.7,True
18:29:57,2226,12.93,287.7,27.2,46.205541,6.132385,441.7,True
18:29:57,2218,12.97,287.7,27.2,46.205541,6.132385,441.7,True
18:29:58,2155,12.98,287.7,27.2,46.205541,6.132385,441.7,True
18:29:58,2042,13.19,283.5,27.2,46.205541,6.132385,441.7,True
18:29:58,1941,13.38,283.5,27.2,46.205541,6.132385,441.7,True
18:29:58,1853,13.53,283.5,28.0,46.205480,6.132432,440.9,True
18:29:58,1765,13.66,283.5,28.0,46.205480,6.132432,440.9,True
18:29:58,1721,13.79,283.5,28.0,46.205480,6.132432,440.9,True
18:29:58,1871,13.88,279.0,28.0,46.205480,6.132432,440.9,True
18:29:58,2008,13.90,279.0,28.0,46.205480,6.132432,440.9,True
18:29:58,2189,13.92,279.0,28.0,46.205480,6.132432,440.9,True
18:29:58,2256,13.94,279.0,28.0,46.205480,6.132432,440.9,True
18:29:59,2349,13.87,279.0,28.0,46.205480,6.132432,440.9,True
18:29:59,2432,13.80,287.0,28.0,46.205480,6.132432,440.9,True
18:29:59,2512,13.73,287.0,28.0,46.205480,6.132432,440.9,True
18:29:59,2579,13.95,287.0,27.4,46.205419,6.132472,440.1,True
18:29:59,2569,14.13,287.0,27.4,46.205419,6.132472,440.1,True
18:29:59,2625,14.72,287.0,27.4,46.205419,6.132472,440.1,True
18:29:59,2726,15.20,297.0,27.4,46.205419,6.132472,440.1,True
18:29:59,2789,15.65,297.0,27.4,46.205419,6.132472,440.1,True
18:29:59,2808,15.57,297.0,27.4,46.205419,6.132472,440.1,True
18:29:59,2834,15.51,297.0,27.4,46.205419,6.132472,440.1,True
18:30:00,2826,15.48,297.0,27.4,46.205419,6.132472,440.1,True
18:30:00,2823,15.41,304.5,27.4,46.205419,6.132472,440.1,True
18:30:00,2829,15.34,304.5,27.4,46.205419,6.132472,440.1,True
18:30:00,2844,15.31,304.5,30.1,46.205368,6.132538,439.5,True
18:30:00,2986,15.28,304.5,30.1,46.205368,6.132538,439.5,True
18:30:00,3053,15.25,304.5,30.1,46.205368,6.132538,439.5,True
18:30:00,3040,15.23,311.2,30.1,46.205368,6.132538,439.5,True
18:30:00,3082,15.13,311.2,30.1,46.205368,6.132538,439.5,True
18:30:00,3160,15.05,311.2,30.1,46.205368,6.132538,439.5,True
18:30:00,3376,14.99,311.2,30.1,46.205368,6.132538,439.5,True
18:30:01,3562,14.95,311.2,30.1,46.205368,6.132538,439.5,True
18:30:01,3696,14.92,321.2,30.1,46.205368,6.132538,439.5,True
18:30:01,3849,14.88,321.2,30.1,46.205368,6.132538,439.5,True
18:30:01,3950,14.94,321.2,34.4,46.205335,6.132642,438.9,True
18:30:01,4084,14.91,321.2,34.4,46.205335,6.132642,438.9,True
18:30:01,4207,14.94,321.2,34.4,46.205335,6.132642,438.9,True
18:30:01,4269,15.33,338.2,34.4,46.205335,6.132642,438.9,True
18:30:01,4257,15.64,338.2,34.4,46.205335,6.132642,438.9,True
18:30:01,4217,15.93,338.2,34.4,46.205335,6.132642,438.9,True
18:30:01,4239,15.92,338.2,34.4,46.205335,6.132642,438.9,True
18:30:02,4228,15.89,338.2,34.4,46.205335,6.132642,438.9,True
18:30:02,4231,15.84,354.0,34.4,46.205335,6.132642,438.9,True
18:30:02,4208,15.64,354.0,34.4,46.205335,6.132642,438.9,True
18:30:02,4157,15.46,354.0,37.1,46.205320,6.132768,437.9,True
18:30:02,4172,15.31,354.0,37.1,46.205320,6.132768,437.9,True
18:30:02,4156,15.13,354.0,37.1,46.205320,6.132768,437.9,True
18:30:02,4157,14.98,369.2,37.1,46.205320,6.132768,437.9,True
18:30:02,4168,14.84,369.2,37.1,46.205320,6.132768,437.9,True
18:30:02,4194,14.73,369.2,37.1,46.205320,6.132768,437.9,True
18:30:02,4270,14.65,369.2,37.1,46.205320,6.132768,437.9,True
18:30:03,4306,14.57,369.2,37.1,46.205320,6.132768,437.9,True
18:30:03,4387,14.44,384.5,37.1,46.205320,6.132768,437.9,True
18:30:03,4427,14.30,384.5,37.1,46.205320,6.132768,437.9,True
18:30:03,4473,14.21,384.5,39.3,46.205317,6.132909,436.7,True
18:30:03,4519,14.01,384.5,39.3,46.205317,6.132909,436.7,True
18:30:03,4520,13.83,384.5,39.3,46.205317,6.132909,436.7,True
18:30:03,4551,13.64,398.7,39.3,46.205317,6.132909,436.7,True
18:30:03,4561,13.49,398.7,39.3,46.205317,6.132909,436.7,True
18:30:03,4611,13.35,398.7,39.3,46.205317,6.132909,436.7,True
18:30:03,4602,13.28,398.7,39.3,46.205317,6.132909,436.7,True
18:30:04,4615,13.11,398.7,39.3,46.205317,6.132909,436.7,True
18:30:04,4648,12.97,381.5,39.3,46.205317,6.132909,436.7,True
18:30:04,4638,12.78,381.5,39.3,46.205317,6.132909,436.7,True
18:30:04,4620,12.57,381.5,51.9,46.205329,6.133085,435.6,True
18:30:04,4596,12.42,381.5,51.9,46.205329,6.133085,435.6,True
18:30:04,4575,12.66,381.5,51.9,46.205329,6.133085,435.6,True
18:30:04,4569,12.90,366.7,51.9,46.205329,6.133085,435.6,True
18:30:04,4569,13.09,366.7,51.9,46.205329,6.133085,435.6,True
18:30:04,4525,13.28,366.7,51.9,46.205329,6.133085,435.6,True
18:30:04,4540,13.44,366.7,51.9,46.205329,6.133085,435.6,True
18:30:05,4516,13.60,366.7,51.9,46.205329,6.133085,435.6,True
18:30:05,4539,13.64,355.2,51.9,46.205329,6.133085,435.6,True
18:30:05,4514,13.70,355.2,51.9,46.205329,6.133085,435.6,True
18:30:05,4491,13.75,355.2,55.3,46.205348,6.133282,434.3,True
18:30:05,4470,13.87,355.2,55.3,46.205348,6.133282,434.3,True
18:30:05,4647,13.99,355.2,55.3,46.205348,6.133282,434.3,True
18:30:05,4668,14.08,342.0,55.3,46.205348,6.133282,434.3,True
18:30:05,4741,14.01,342.0,55.3,46.205348,6.133282,434.3,True
18:30:05,4725,13.87,342.0,55.3,46.205348,6.133282,434.3,True
18:30:05,4643,13.82,342.0,55.3,46.205348,6.133282,434.3,True
18:30:06,4617,13.96,342.0,55.3,46.205348,6.133282,434.3,True
18:30:06,4556,14.08,332.7,55.3,46.205348,6.133282,434.3,True
18:30:06,4504,14.19,332.7,55.3,46.205348,6.133282,434.3,True
18:30:06,4462,14.40,332.7,51.4,46.205371,6.133479,433.4,True
18:30:06,4413,14.58,332.7,51.4,46.205371,6.133479,433.4,True
18:30:06,4364,14.72,332.7,51.4,46.205371,6.133479,433.4,True
18:30:06,4316,14.94,324.5,51.4,46.205371,6.133479,433.4,True
18:30:06,4272,15.13,324.5,51.4,46.205371,6.133479,433.4,True
18:30:06,4228,15.27,324.5,51.4,46.205371,6.133479,433.4,True
18:30:06,4182,15.40,324.5,51.4,46.205371,6.133479,433.4,True
18:30:07,4128,15.54,324.5,51.4,46.205371,6.133479,433.4,True
18:30:07,4078,15.64,316.7,51.4,46.205371,6.133479,433.4,True
18:30:07,4025,15.75,316.7,51.4,46.205371,6.133479,433.4,True
18:30:07,3969,15.84,316.7,50.0,46.205391,6.133659,431.4,True
18:30:07,3915,15.95,316.7,50.0,46.205391,6.133659,431.4,True
18:30:07,3855,16.06,316.7,50.0,46.205391,6.133659,431.4,True
18:30:07,3897,16.15,310.5,50.0,46.205391,6.133659,431.4,True
18:30:07,3890,16.23,310.5,50.0,46.205391,6.133659,431.4,True
18:30:07,4004,16.29,310.5,50.0,46.205391,6.133659,431.4,True
18:30:07,4109,16.35,310.5,50.0,46.205391,6.133659,431.4,True
18:30:08,4161,16.42,310.5,50.0,46.205391,6.133659,431.4,True
18:30:08,4214,16.42,307.0,50.0,46.205391,6.133659,431.4,True
18:30:08,4166,16.44,307.0,50.0,46.205391,6.133659,431.4,True
18:30:08,3924,16.45,307.0,44.3,46.205413,6.133828,429.9,True
18:30:08,3693,16.40,307.0,44.3,46.205413,6.133828,429.9,True
18:30:08,3576,16.38,307.0,44.3,46.205413,6.133828,429.9,True
18:30:08,3466,16.36,303.2,44.3,46.205413,6.133828,429.9,True
18:30:08,3329,16.10,303.2,44.3,46.205413,6.133828,429.9,True
18:30:08,3204,15.88,303.2,44.3,46.205413,6.133828,429.9,True
18:30:08,3124,15.70,303.2,44.3,46.205413,6.133828,429.9,True
18:30:09,3007,15.53,303.2,44.3,46.205413,6.133828,429.9,True
18:30:09,2949,15.35,298.5,44.3,46.205413,6.133828,429.9,True
18:30:09,2842,15.22,298.5,44.3,46.205413,6.133828,429.9,True
18:30:09,2742,15.10,298.5,35.6,46.205432,6.133972,428.7,True
18:30:09,2664,14.99,298.5,35.6,46.205432,6.133972,428.7,True
18:30:09,2609,14.92,298.5,35.6,46.205432,6.133972,428.7,True
18:30:09,2538,14.89,293.5,35.6,46.205432,6.133972,428.7,True
18:30:09,2469,14.89,293.5,35.6,46.205432,6.133972,428.7,True
18:30:09,2444,14.84,293.5,35.6,46.205432,6.133972,428.7,True
18:30:09,2459,14.81,293.5,35.6,46.205432,6.133972,428.7,True
18:30:10,2465,14.77,293.5,35.6,46.205432,6.133972,428.7,True
18:30:10,2435,14.75,291.5,35.6,46.205432,6.133972,428.7,True
18:30:10,2458,14.74,291.5,35.6,46.205432,6.133972,428.7,True
18:30:10,2414,14.74,291.5,25.8,46.205445,6.134084,427.7,True
18:30:10,2410,14.60,291.5,25.8,46.205445,6.134084,427.7,True
18:30:10,2395,14.48,291.5,25.8,46.205445,6.134084,427.7,True
18:30:10,2445,14.38,288.5,25.8,46.205445,6.134084,427.7,True
18:30:10,2436,14.33,288.5,25.8,46.205445,6.134084,427.7,True
18:30:10,2467,14.26,288.5,25.8,46.205445,6.134084,427.7,True
18:30:10,2454,14.19,288.5,25.8,46.205445,6.134084,427.7,True
18:30:11,2489,14.12,288.5,25.8,46.205445,6.134084,427.7,True
18:30:11,2559,14.07,293.5,25.8,46.205445,6.134084,427.7,True
18:30:11,2546,13.97,293.5,25.8,46.205445,6.134084,427.7,True
18:30:11,2577,13.68,293.5,26.7,46.205439,6.134178,426.5,True
18:30:11,2609,13.41,293.5,26.7,46.205439,6.134178,426.5,True
18:30:11,2751,13.19,293.5,26.7,46.205439,6.134178,426.5,True
18:30:11,2875,13.29,299.7,26.7,46.205439,6.134178,426.5,True
18:30:11,2938,13.40,299.7,26.7,46.205439,6.134178,426.5,True
18:30:11,2946,13.51,299.7,26.7,46.205439,6.134178,426.5,True
18:30:11,2961,13.75,299.7,26.7,46.205439,6.134178,426.5,True
18:30:12,3056,13.92,299.7,26.7,46.205439,6.134178,426.5,True
18:30:12,3010,14.09,302.2,26.7,46.205439,6.134178,426.5,True
18:30:12,2937,14.16,302.2,26.7,46.205439,6.134178,426.5,True
18:30:12,2884,14.22,302.2,26.9,46.205409,6.134262,425.3,True
18:30:12,2842,14.21,302.2,26.9,46.205409,6.134262,425.3,True
18:30:12,2814,14.22,302.2,26.9,46.205409,6.134262,425.3,True
18:30:12,2987,14.23,304.5,26.9,46.205409,6.134262,425.3,True
18:30:12,3058,14.19,304.5,26.9,46.205409,6.134262,425.3,True
18:30:12,3162,14.06,304.5,26.9,46.205409,6.134262,425.3,True
18:30:12,3099,13.99,304.5,26.9,46.205409,6.134262,425.3,True
18:30:13,3184,13.91,304.5,26.9,46.205409,6.134262,425.3,True
18:30:13,3261,14.01,312.7,26.9,46.205409,6.134262,425.3,True
18:30:13,3274,14.04,312.7,26.9,46.205409,6.134262,425.3,True
18:30:13,3329,14.10,312.7,29.6,46.205357,6.134328,423.8,True
18:30:13,3406,14.62,312.7,29.6,46.205357,6.134328,423.8,True
18:30:13,3446,15.06,312.7,29.6,46.205357,6.134328,423.8,True
18:30:13,3438,15.41,319.5,29.6,46.205357,6.134328,423.8,True
18:30:13,3436,15.45,319.5,29.6,46.205357,6.134328,423.8,True
18:30:13,3405,15.48,319.5,29.6,46.205357,6.134328,423.8,True
18:30:13,3468,15.41,319.5,29.6,46.205357,6.134328,423.8,True
18:30:14,3535,15.36,319.5,29.6,46.205357,6.134328,423.8,True
18:30:14,3645,15.32,328.5,29.6,46.205357,6.134328,423.8,True
18:30:14,3770,15.23,328.5,29.6,46.205357,6.134328,423.8,True
18:30:14,3899,15.15,328.5,27.9,46.205295,6.134363,421.4,True
18:30:14,4042,15.10,328.5,27.9,46.205295,6.134363,421.4,True
18:30:14,4105,15.16,328.5,27.9,46.205295,6.134363,421.4,True
18:30:14,4120,15.23,347.0,27.9,46.205295,6.134363,421.4,True
18:30:14,4110,15.29,347.0,27.9,46.205295,6.134363,421.4,True
18:30:14,4161,15.52,347.0,27.9,46.205295,6.134363,421.4,True
18:30:14,4219,15.71,347.0,27.9,46.205295,6.134363,421.4,True
18:30:15,4210,15.87,347.0,27.9,46.205295,6.134363,421.4,True
18:30:15,4279,15.84,363.7,27.9,46.205295,6.134363,421.4,True
18:30:15,4264,15.84,363.7,27.9,46.205295,6.134363,421.4,True
18:30:15,4377,15.83,363.7,28.3,46.205230,6.134365,419.0,True
18:30:15,4365,15.64,363.7,28.3,46.205230,6.134365,419.0,True
18:30:15,4333,15.51,363.7,28.3,46.205230,6.134365,419.0,True
18:30:15,4326,15.39,378.5,28.3,46.205230,6.134365,419.0,True
18:30:15,4332,15.16,378.5,28.3,46.205230,6.134365,419.0,True
18:30:15,4352,14.95,378.5,28.3,46.205230,6.134365,419.0,True
18:30:15,4385,14.78,378.5,28.3,46.205230,6.134365,419.0,True
18:30:16,4428,14.58,378.5,28.3,46.205230,6.134365,419.0,True
18:30:16,4476,14.42,395.7,28.3,46.205230,6.134365,419.0,True
18:30:16,4530,14.27,395.7,28.3,46.205230,6.134365,419.0,True
18:30:16,4624,14.13,395.7,31.5,46.205159,6.134336,416.5,True
18:30:16,4715,14.00,395.7,31.5,46.205159,6.134336,416.5,True
18:30:16,4768,13.88,395.7,31.5,46.205159,6.134336,416.5,True
18:30:16,4825,13.76,411.7,31.5,46.205159,6.134336,416.5,True
18:30:16,4880,13.65,411.7,31.5,46.205159,6.134336,416.5,True
18:30:16,4938,13.57,411.7,31.5,46.205159,6.134336,416.5,True
18:30:16,5002,13.60,411.7,31.5,46.205159,6.134336,416.5,True
18:30:17,5066,13.65,411.7,31.5,46.205159,6.134336,416.5,True
18:30:17,5128,13.69,426.7,31.5,46.205159,6.134336,416.5,True
18:30:17,5196,13.72,426.7,31.5,46.205159,6.134336,416.5,True
18:30:17,5263,13.77,426.7,39.2,46.205072,6.134271,413.2,True
18:30:17,5366,13.81,426.7,39.2,46.205072,6.134271,413.2,True
18:30:17,5364,13.77,426.7,39.2,46.205072,6.134271,413.2,True
18:30:17,5416,13.76,439.7,39.2,46.205072,6.134271,413.2,True
18:30:17,5589,13.76,439.7,39.2,46.205072,6.134271,413.2,True
18:30:17,5642,13.67,439.7,39.2,46.205072,6.134271,413.2,True
18:30:17,5886,13.59,439.7,39.2,46.205072,6.134271,413.2,True
18:30:18,6042,13.55,439.7,39.2,46.205072,6.134271,413.2,True
18:30:18,5916,13.38,418.5,39.2,46.205072,6.134271,413.2,True
18:30:18,5806,13.24,418.5,39.2,46.205072,6.134271,413.2,True
18:30:18,5859,13.12,418.5,45.7,46.204970,6.134181,410.0,True
18:30:18,5774,13.11,418.5,45.7,46.204970,6.134181,410.0,True
18:30:18,5735,13.12,418.5,45.7,46.204970,6.134181,410.0,True
18:30:18,5651,13.13,399.5,45.7,46.204970,6.134181,410.0,True
18:30:18,5612,13.49,399.5,45.7,46.204970,6.134181,410.0,True
18:30:18,5499,13.81,399.5,45.7,46.204970,6.134181,410.0,True
18:30:18,0,0.00,0.0,45.7,46.204970,6.134181,410.0,True
18:30:19,1002,16.99,399.5,45.7,46.204970,6.134181,410.0,True
18:30:19,1831,16.97,399.5,45.7,46.204970,6.134181,410.0,True
18:30:19,2446,16.96,383.2,45.7,46.204970,6.134181,410.0,True
18:30:19,2934,16.99,383.2,57.6,46.204844,6.134057,406.7,True
18:30:19,3316,17.01,383.2,57.6,46.204844,6.134057,406.7,True
18:30:19,3614,17.02,383.2,57.6,46.204844,6.134057,406.7,True
18:30:19,3847,17.09,383.2,57.6,46.204844,6.134057,406.7,True
18:30:19,4025,17.15,369.7,57.6,46.204844,6.134057,406.7,True
18:30:19,4202,17.18,369.7,57.6,46.204844,6.134057,406.7,True
18:30:19,4421,17.14,369.7,57.6,46.204844,6.134057,406.7,True
18:30:20,4785,17.16,369.7,57.6,46.204844,6.134057,406.7,True
18:30:20,4802,17.19,369.7,57.6,46.204844,6.134057,406.7,True
18:30:20,4855,17.19,358.0,57.6,46.204844,6.134057,406.7,True
18:30:20,4814,17.23,358.0,56.6,46.204723,6.133930,402.7,True
18:30:20,4777,17.27,358.0,56.6,46.204723,6.133930,402.7,True
18:30:20,4747,17.28,358.0,56.6,46.204723,6.133930,402.7,True
18:30:20,4724,17.27,358.0,56.6,46.204723,6.133930,402.7,True
18:30:20,4703,17.25,348.0,56.6,46.204723,6.133930,402.7,True
18:30:20,4681,17.21,348.0,56.6,46.204723,6.133930,402.7,True
18:30:20,4664,17.15,348.0,56.6,46.204723,6.133930,402.7,True
18:30:21,4648,17.13,348.0,56.6,46.204723,6.133930,402.7,True
18:30:21,4635,17.10,348.0,56.6,46.204723,6.133930,402.7,True
18:30:21,4623,17.07,338.7,56.6,46.204723,6.133930,402.7,True
18:30:21,4618,17.03,338.7,56.3,46.204604,6.133793,398.4,True
18:30:21,4600,17.00,338.7,56.3,46.204604,6.133793,398.4,True
18:30:21,4628,16.97,338.7,56.3,46.204604,6.133793,398.4,True
18:30:21,4614,16.92,338.7,56.3,46.204604,6.133793,398.4,True
18:30:21,4605,16.90,332.2,56.3,46.204604,6.133793,398.4,True
18:30:21,4586,16.87,332.2,56.3,46.204604,6.133793,398.4,True
18:30:21,4613,16.89,332.2,56.3,46.204604,6.133793,398.4,True
18:30:22,4593,16.89,332.2,56.3,46.204604,6.133793,398.4,True
18:30:22,4575,16.88,332.2,56.3,46.204604,6.133793,398.4,True
18:30:22,4559,16.88,326.2,56.3,46.204604,6.133793,398.4,True
18:30:22,4587,16.58,326.2,56.7,46.204496,6.133652,395.4,True
18:30:22,4565,16.33,326.2,56.7,46.204496,6.133652,395.4,True
18:30:22,4585,16.13,326.2,56.7,46.204496,6.133652,395.4,True
18:30:22,4641,15.73,326.2,56.7,46.204496,6.133652,395.4,True
18:30:22,4724,15.38,318.2,56.7,46.204496,6.133652,395.4,True
18:30:22,4842,15.12,318.2,56.7,46.204496,6.133652,395.4,True
18:30:22,5006,15.04,318.2,56.7,46.204496,6.133652,395.4,True
18:30:22,5007,14.94,318.2,56.7,46.204496,6.133652,395.4,True
18:30:23,5044,14.89,318.2,56.7,46.204496,6.133652,395.4,True
18:30:23,4956,15.00,313.5,56.7,46.204496,6.133652,395.4,True
18:30:23,4966,15.12,313.5,56.8,46.204392,6.133511,392.6,True
18:30:23,4934,15.18,313.5,56.8,46.204392,6.133511,392.6,True
18:30:23,4828,15.30,313.5,56.8,46.204392,6.133511,392.6,True
18:30:23,4795,15.40,313.5,56.8,46.204392,6.133511,392.6,True
18:30:23,4782,15.37,307.0,56.8,46.204392,6.133511,392.6,True
18:30:23,4706,15.28,307.0,56.8,46.204392,6.133511,392.6,True
18:30:23,4681,15.26,307.0,56.8,46.204392,6.133511,392.6,True
18:30:23,4656,15.21,307.0,56.8,46.204392,6.133511,392.6,True
18:30:24,4596,15.18,307.0,56.8,46.204392,6.133511,392.6,True
18:30:24,4547,15.15,301.7,56.8,46.204392,6.133511,392.6,True
18:30:24,4560,15.19,301.7,55.1,46.204297,6.133353,390.1,True
18:30:24,4504,15.17,301.7,55.1,46.204297,6.133353,390.1,True
18:30:24,4509,15.19,301.7,55.1,46.204297,6.133353,390.1,True
18:30:24,4513,15.06,301.7,55.1,46.204297,6.133353,390.1,True
18:30:24,4623,14.97,297.0,55.1,46.204297,6.133353,390.1,True
18:30:24,4746,14.83,297.0,55.1,46.204297,6.133353,390.1,True
18:30:24,4727,14.87,297.0,55.1,46.204297,6.133353,390.1,True
18:30:24,4756,14.90,297.0,55.1,46.204297,6.133353,390.1,True
18:30:25,4825,14.93,297.0,55.1,46.204297,6.133353,390.1,True
18:30:25,4718,14.91,293.2,55.1,46.204297,6.133353,390.1,True
18:30:25,4674,14.90,293.2,55.1,46.204211,6.133196,387.8,True
18:30:25,4637,14.85,293.2,55.1,46.204211,6.133196,387.8,True
18:30:25,4563,14.80,293.2,55.1,46.204211,6.133196,387.8,True
18:30:25,4558,14.74,293.2,55.1,46.204211,6.133196,387.8,True
18:30:25,4532,14.70,288.0,55.1,46.204211,6.133196,387.8,True
18:30:25,4476,14.61,288.0,55.1,46.204211,6.133196,387.8,True
18:30:25,4429,14.52,288.0,55.1,46.204211,6.133196,387.8,True
18:30:25,4418,14.47,288.0,55.1,46.204211,6.133196,387.8,True
18:30:26,4445,14.54,288.0,55.1,46.204211,6.133196,387.8,True
18:30:26,4380,14.59,284.7,55.1,46.204211,6.133196,387.8,True
18:30:26,4328,14.67,284.7,52.8,46.204150,6.133026,387.7,True
18:30:26,4353,14.78,284.7,52.8,46.204150,6.133026,387.7,True
18:30:26,4288,14.89,284.7,52.8,46.204150,6.133026,387.7,True
18:30:26,4302,15.00,284.7,52.8,46.204150,6.133026,387.7,True
18:30:26,4309,14.91,280.2,52.8,46.204150,6.133026,387.7,True
18:30:26,4301,14.82,280.2,52.8,46.204150,6.133026,387.7,True
18:30:26,4212,14.76,280.2,52.8,46.204150,6.133026,387.7,True
18:30:26,4227,14.83,280.2,52.8,46.204150,6.133026,387.7,True
18:30:27,4308,14.87,280.2,52.8,46.204150,6.133026,387.7,True
18:30:27,4233,14.91,277.5,52.8,46.204150,6.133026,387.7,True
18:30:27,4211,15.03,277.5,47.9,46.204101,6.132863,387.8,True
18:30:27,4267,15.10,277.5,47.9,46.204101,6.132863,387.8,True
18:30:27,4268,15.14,277.5,47.9,46.204101,6.132863,387.8,True
18:30:27,4290,15.27,277.5,47.9,46.204101,6.132863,387.8,True
18:30:27,4256,15.38,275.2,47.9,46.204101,6.132863,387.8,True
18:30:27,4266,15.45,275.2,47.9,46.204101,6.132863,387.8,True
18:30:27,4297,15.39,275.2,47.9,46.204101,6.132863,387.8,True
18:30:27,4220,15.32,275.2,47.9,46.204101,6.132863,387.8,True
18:30:28,4003,15.27,275.2,47.9,46.204101,6.132863,387.8,True
18:30:28,3761,15.06,271.5,47.9,46.204101,6.132863,387.8,True
18:30:28,3588,14.89,271.5,44.0,46.204042,6.132718,386.5,True
18:30:28,3387,14.72,271.5,44.0,46.204042,6.132718,386.5,True
18:30:28,3209,14.41,271.5,44.0,46.204042,6.132718,386.5,True
18:30:28,3182,14.14,271.5,44.0,46.204042,6.132718,386.5,True
18:30:28,3428,14.04,267.7,44.0,46.204042,6.132718,386.5,True
18:30:28,3719,13.94,267.7,44.0,46.204042,6.132718,386.5,True
18:30:28,3817,13.84,267.7,44.0,46.204042,6.132718,386.5,True
18:30:28,3797,13.94,267.7,44.0,46.204042,6.132718,386.5,True
18:30:29,3924,14.03,267.7,44.0,46.204042,6.132718,386.5,True
18:30:29,4063,14.12,266.0,44.0,46.204042,6.132718,386.5,True
18:30:29,4117,14.19,266.0,38.0,46.203982,6.132590,385.0,True
18:30:29,4155,14.26,266.0,38.0,46.203982,6.132590,385.0,True
18:30:29,4251,14.29,266.0,38.0,46.203982,6.132590,385.0,True
18:30:29,4303,14.29,266.0,38.0,46.203982,6.132590,385.0,True
18:30:29,4298,14.27,262.5,38.0,46.203982,6.132590,385.0,True
18:30:29,4271,14.28,262.5,38.0,46.203982,6.132590,385.0,True
18:30:29,4135,14.38,262.5,38.0,46.203982,6.132590,385.0,True
18:30:29,4003,14.46,262.5,38.0,46.203982,6.132590,385.0,True
18:30:30,3923,14.55,262.5,38.0,46.203982,6.132590,385.0,True
18:30:30,3799,14.63,261.0,38.0,46.203982,6.132590,385.0,True
18:30:30,3679,14.66,261.0,33.6,46.203925,6.132486,383.9,True
18:30:30,3550,14.73,261.0,33.6,46.203925,6.132486,383.9,True
18:30:30,3466,14.79,261.0,33.6,46.203925,6.132486,383.9,True
18:30:30,3314,14.83,261.0,33.6,46.203925,6.132486,383.9,True
18:30:30,3130,14.85,257.2,33.6,46.203925,6.132486,383.9,True
18:30:30,3000,14.83,257.2,33.6,46.203925,6.132486,383.9,True
18:30:30,2896,14.81,257.2,33.6,46.203925,6.132486,383.9,True
18:30:30,2779,14.75,257.2,33.6,46.203925,6.132486,383.9,True
18:30:31,2704,14.71,257.2,33.6,46.203925,6.132486,383.9,True
18:30:31,2576,14.67,257.7,33.6,46.203925,6.132486,383.9,True
18:30:31,2452,14.66,257.7,24.3,46.203884,6.132406,383.2,True
18:30:31,2345,14.66,257.7,24.3,46.203884,6.132406,383.2,True
18:30:31,2289,14.65,257.7,24.3,46.203884,6.132406,383.2,True
18:30:31,2249,14.63,257.7,24.3,46.203884,6.132406,383.2,True
18:30:31,2215,14.59,256.7,24.3,46.203884,6.132406,383.2,True
18:30:31,2115,14.53,256.7,24.3,46.203884,6.132406,383.2,True
18:30:31,2000,14.49,256.7,24.3,46.203884,6.132406,383.2,True
18:30:32,1972,14.38,256.7,24.3,46.203884,6.132406,383.2,True
18:30:32,1860,14.27,256.7,24.3,46.203884,6.132406,383.2,True
18:30:32,1808,14.10,254.3,24.3,46.203884,6.132406,383.2,True
18:30:32,1783,14.02,254.3,14.8,46.203860,6.132344,382.3,True
18:30:32,1748,13.95,254.3,14.8,46.203860,6.132344,382.3,True
18:30:32,1725,13.93,254.3,14.8,46.203860,6.132344,382.3,True
18:30:32,1765,13.87,254.3,14.8,46.203860,6.132344,382.3,True
18:30:32,1730,13.81,255.3,14.8,46.203860,6.132344,382.3,True
18:30:32,1728,13.74,255.3,14.8,46.203860,6.132344,382.3,True
18:30:32,1854,13.72,255.3,14.8,46.203860,6.132344,382.3,True
18:30:32,1937,13.71,255.3,14.8,46.203860,6.132344,382.3,True
18:30:33,2078,13.68,255.3,14.8,46.203860,6.132344,382.3,True
18:30:33,2274,13.63,258.0,14.8,46.203860,6.132344,382.3,True
18:30:33,2443,13.58,258.0,6.9,46.203845,6.132309,381.6,True
18:30:33,2569,13.37,258.0,6.9,46.203845,6.132309,381.6,True
18:30:33,2646,13.23,258.0,6.9,46.203845,6.132309,381.6,True
18:30:33,2726,13.10,258.0,6.9,46.203845,6.132309,381.6,True
18:30:33,2728,13.35,265.7,6.9,46.203845,6.132309,381.6,True
18:30:33,2868,13.55,265.7,6.9,46.203845,6.132309,381.6,True
18:30:33,2953,13.73,265.7,6.9,46.203845,6.132309,381.6,True
18:30:33,3012,13.94,265.7,6.9,46.203845,6.132309,381.6,True
18:30:34,3075,14.13,265.7,6.9,46.203845,6.132309,381.6,True
18:30:34,3233,14.28,275.0,6.9,46.203845,6.132309,381.6,True
18:30:34,3458,14.23,275.0,10.8,46.203831,6.132271,383.0,True
18:30:34,3662,14.19,275.0,10.8,46.203831,6.132271,383.0,True
18:30:34,3770,14.11,275.0,10.8,46.203831,6.132271,383.0,True
18:30:34,3912,14.02,275.0,10.8,46.203831,6.132271,383.0,True
18:30:34,4042,13.94,287.2,10.8,46.203831,6.132271,383.0,True
18:30:34,4099,13.88,287.2,10.8,46.203831,6.132271,383.0,True
18:30:34,4006,13.65,287.2,10.8,46.203831,6.132271,383.0,True
18:30:34,3837,13.47,287.2,10.8,46.203831,6.132271,383.0,True
18:30:35,3632,13.31,287.2,10.8,46.203831,6.132271,383.0,True
18:30:35,3437,13.32,282.2,10.8,46.203831,6.132271,383.0,True
18:30:35,3255,13.30,282.2,12.7,46.203813,6.132233,382.7,True
18:30:35,0,0.00,0.0,12.7,46.203813,6.132233,382.7,True
18:30:35,483,13.20,282.2,12.7,46.203813,6.132233,382.7,True
18:30:35,851,13.30,282.2,12.7,46.203813,6.132233,382.7,True
18:30:35,1133,13.40,282.2,12.7,46.203813,6.132233,382.7,True
18:30:35,1456,13.48,275.5,12.7,46.203813,6.132233,382.7,True
18:30:35,1644,13.81,275.5,12.7,46.203813,6.132233,382.7,True
18:30:36,1809,14.09,275.5,12.7,46.203813,6.132233,382.7,True
18:30:36,1950,14.33,275.5,12.7,46.203813,6.132233,382.7,True
18:30:36,2112,14.59,275.5,12.7,46.203813,6.132233,382.7,True
18:30:36,2281,14.81,275.0,16.9,46.203784,6.132191,382.3,True
18:30:36,2411,15.00,275.0,16.9,46.203784,6.132191,382.3,True
18:30:36,2574,14.93,275.0,16.9,46.203784,6.132191,382.3,True
18:30:36,2609,14.86,275.0,16.9,46.203784,6.132191,382.3,True
18:30:36,2645,14.80,275.0,16.9,46.203784,6.132191,382.3,True
18:30:36,2625,14.61,269.2,16.9,46.203784,6.132191,382.3,True
18:30:36,2613,14.44,269.2,16.9,46.203784,6.132191,382.3,True
18:30:36,2564,14.28,269.2,16.9,46.203784,6.132191,382.3,True
18:30:37,2572,14.05,269.2,16.9,46.203784,6.132191,382.3,True
18:30:37,2536,13.84,269.2,16.9,46.203784,6.132191,382.3,True
18:30:37,2559,13.66,264.2,18.6,46.203750,6.132146,380.5,True
18:30:37,2631,13.66,264.2,18.6,46.203750,6.132146,380.5,True
18:30:37,2709,13.68,264.2,18.6,46.203750,6.132146,380.5,True
18:30:37,2752,13.68,264.2,18.6,46.203750,6.132146,380.5,True
18:30:37,2708,13.80,264.2,18.6,46.203750,6.132146,380.5,True
18:30:37,2736,13.91,259.5,18.6,46.203750,6.132146,380.5,True
18:30:37,2712,13.98,259.5,18.6,46.203750,6.132146,380.5,True
18:30:37,2727,14.07,259.5,18.6,46.203750,6.132146,380.5,True
18:30:38,2664,14.17,259.5,18.6,46.203750,6.132146,380.5,True
18:30:38,2651,14.27,259.5,18.6,46.203750,6.132146,380.5,True
18:30:38,2607,14.32,257.2,18.8,46.203715,6.132107,379.5,True
18:30:38,2563,14.38,257.2,18.8,46.203715,6.132107,379.5,True
18:30:38,2560,14.39,257.2,18.8,46.203715,6.132107,379.5,True
18:30:38,2627,14.35,257.2,18.8,46.203715,6.132107,379.5,True
18:30:38,2589,14.33,257.2,18.8,46.203715,6.132107,379.5,True
18:30:38,2557,14.30,256.0,18.8,46.203715,6.132107,379.5,True
18:30:38,2625,14.30,256.0,18.8,46.203715,6.132107,379.5,True
18:30:38,2648,14.30,256.0,18.8,46.203715,6.132107,379.5,True
18:30:39,2734,14.34,256.0,18.8,46.203715,6.132107,379.5,True
18:30:39,2768,14.30,256.0,18.8,46.203715,6.132107,379.5,True
18:30:39,2845,14.25,257.5,19.8,46.203679,6.132067,379.6,True
18:30:39,2803,14.24,257.5,19.8,46.203679,6.132067,379.6,True
18:30:39,2783,14.20,257.5,19.8,46.203679,6.132067,379.6,True
18:30:39,2883,14.16,257.5,19.8,46.203679,6.132067,379.6,True
18:30:39,2968,14.03,257.5,19.8,46.203679,6.132067,379.6,True
18:30:39,3125,13.93,264.5,19.8,46.203679,6.132067,379.6,True
18:30:39,3229,13.84,264.5,19.8,46.203679,6.132067,379.6,True
18:30:40,3207,13.57,264.5,19.8,46.203679,6.132067,379.6,True
18:30:40,3316,13.35,264.5,19.8,46.203679,6.132067,379.6,True
18:30:40,3395,13.17,264.5,19.8,46.203679,6.132067,379.6,True
18:30:40,3480,13.67,276.2,19.9,46.203639,6.132032,379.3,True
18:30:40,3636,14.10,276.2,19.9,46.203639,6.132032,379.3,True
18:30:40,3807,14.45,276.2,19.9,46.203639,6.132032,379.3,True
18:30:40,3876,14.52,276.2,19.9,46.203639,6.132032,379.3,True
18:30:40,3980,14.58,276.2,19.9,46.203639,6.132032,379.3,True
18:30:40,4088,14.66,294.7,19.9,46.203639,6.132032,379.3,True
18:30:40,4097,14.67,294.7,19.9,46.203639,6.132032,379.3,True
18:30:40,4168,14.65,294.7,19.9,46.203639,6.132032,379.3,True
18:30:41,4220,14.65,294.7,19.9,46.203639,6.132032,379.3,True
18:30:41,4247,14.64,294.7,19.9,46.203639,6.132032,379.3,True
18:30:41,4384,14.63,318.5,22.0,46.203595,6.131994,378.9,True
18:30:41,4568,14.59,318.5,22.0,46.203595,6.131994,378.9,True
18:30:41,4892,14.57,318.5,22.0,46.203595,6.131994,378.9,True
18:30:41,4979,14.55,318.5,22.0,46.203595,6.131994,378.9,True
18:30:41,5033,14.53,318.5,22.0,46.203595,6.131994,378.9,True
18:30:41,5058,14.25,341.7,22.0,46.203595,6.131994,378.9,True
18:30:41,5091,13.99,341.7,22.0,46.203595,6.131994,378.9,True
18:30:42,5134,13.78,341.7,22.0,46.203595,6.131994,378.9,True
18:30:42,5086,13.62,341.7,22.0,46.203595,6.131994,378.9,True
18:30:42,5006,13.49,341.7,22.0,46.203595,6.131994,378.9,True
18:30:42,4933,13.37,348.0,37.4,46.203530,6.131944,378.8,True
18:30:42,4737,13.21,348.0,37.4,46.203530,6.131944,378.8,True
18:30:42,4627,13.07,348.0,37.4,46.203530,6.131944,378.8,True
18:30:42,4589,12.94,348.0,37.4,46.203530,6.131944,378.8,True
18:30:42,4620,12.81,348.0,37.4,46.203530,6.131944,378.8,True
18:30:42,4490,12.70,351.2,37.4,46.203530,6.131944,378.8,True
18:30:42,4400,12.62,351.2,37.4,46.203530,6.131944,378.8,True
18:30:42,4338,12.64,351.2,37.4,46.203530,6.131944,378.8,True
18:30:43,4300,12.66,351.2,37.4,46.203530,6.131944,378.8,True
18:30:43,4283,13.13,351.2,37.4,46.203530,6.131944,378.8,True
18:30:43,4279,13.50,368.0,45.7,46.203433,6.131890,378.4,True
18:30:43,4286,13.83,368.0,45.7,46.203433,6.131890,378.4,True
18:30:43,4300,13.54,368.0,45.7,46.203433,6.131890,378.4,True
18:30:43,4300,13.35,368.0,45.7,46.203433,6.131890,378.4,True
18:30:43,4275,13.17,368.0,45.7,46.203433,6.131890,378.4,True
18:30:43,4277,12.94,377.0,45.7,46.203433,6.131890,378.4,True
18:30:43,4283,12.73,377.0,45.7,46.203433,6.131890,378.4,True
18:30:44,4285,12.56,377.0,45.7,46.203433,6.131890,378.4,True
18:30:44,4285,12.31,377.0,45.7,46.203433,6.131890,378.4,True
18:30:44,4284,12.08,377.0,45.7,46.203433,6.131890,378.4,True
18:30:44,4282,11.87,361.7,52.8,46.203314,6.131837,377.1,True
18:30:44,4277,11.78,361.7,52.8,46.203314,6.131837,377.1,True
18:30:44,4272,11.71,361.7,52.8,46.203314,6.131837,377.1,True
18:30:44,4267,11.64,361.7,52.8,46.203314,6.131837,377.1,True
18:30:44,4270,11.84,361.7,52.8,46.203314,6.131837,377.1,True
18:30:44,4277,12.01,349.0,52.8,46.203314,6.131837,377.1,True
18:30:44,4250,12.13,349.0,52.8,46.203314,6.131837,377.1,True
18:30:45,4245,12.54,349.0,52.8,46.203314,6.131837,377.1,True
18:30:45,4234,12.93,349.0,52.8,46.203314,6.131837,377.1,True
18:30:45,4220,13.26,349.0,52.8,46.203314,6.131837,377.1,True
18:30:45,4213,13.67,339.2,51.8,46.203192,6.131785,376.2,True
18:30:45,4184,14.02,339.2,51.8,46.203192,6.131785,376.2,True
18:30:45,4222,14.32,339.2,51.8,46.203192,6.131785,376.2,True
18:30:45,4227,14.47,339.2,51.8,46.203192,6.131785,376.2,True
18:30:45,4182,14.56,339.2,51.8,46.203192,6.131785,376.2,True
18:30:45,4144,14.64,330.7,51.8,46.203192,6.131785,376.2,True
18:30:45,4111,14.58,330.7,51.8,46.203192,6.131785,376.2,True
18:30:45,4122,14.53,330.7,51.8,46.203192,6.131785,376.2,True
18:30:46,4186,14.49,330.7,51.8,46.203192,6.131785,376.2,True
18:30:46,4162,14.45,330.7,51.8,46.203192,6.131785,376.2,True
18:30:46,4118,14.42,323.2,49.9,46.203074,6.131736,375.5,True
18:30:46,4140,14.36,323.2,49.9,46.203074,6.131736,375.5,True
18:30:46,4160,14.34,323.2,49.9,46.203074,6.131736,375.5,True
18:30:46,4337,14.33,323.2,49.9,46.203074,6.131736,375.5,True
18:30:46,4374,14.30,323.2,49.9,46.203074,6.131736,375.5,True
18:30:46,4326,14.33,336.7,49.9,46.203074,6.131736,375.5,True
18:30:46,4290,14.41,336.7,49.9,46.203074,6.131736,375.5,True
18:30:47,4265,14.46,336.7,49.9,46.203074,6.131736,375.5,True
18:30:47,4249,14.48,336.7,49.9,46.203074,6.131736,375.5,True
18:30:47,4240,14.51,336.7,49.9,46.203074,6.131736,375.5,True
18:30:47,4236,14.55,354.2,46.1,46.202963,6.131687,375.0,True
18:30:47,4236,14.20,354.2,46.1,46.202963,6.131687,375.0,True
18:30:47,4243,13.91,354.2,46.1,46.202963,6.131687,375.0,True
18:30:47,4254,13.64,354.2,46.1,46.202963,6.131687,375.0,True
18:30:47,4263,13.54,354.2,46.1,46.202963,6.131687,375.0,True
18:30:47,4264,13.46,370.0,46.1,46.202963,6.131687,375.0,True
18:30:47,4255,13.39,370.0,46.1,46.202963,6.131687,375.0,True
18:30:47,4249,13.29,370.0,46.1,46.202963,6.131687,375.0,True
18:30:48,4252,13.27,370.0,46.1,46.202963,6.131687,375.0,True
18:30:48,4220,13.20,370.0,46.1,46.202963,6.131687,375.0,True
18:30:48,4186,13.13,372.7,48.8,46.202853,6.131628,374.5,True
18:30:48,4177,13.07,372.7,48.8,46.202853,6.131628,374.5,True
18:30:48,4170,13.13,372.7,48.8,46.202853,6.131628,374.5,True
18:30:48,4158,13.19,372.7,48.8,46.202853,6.131628,374.5,True
18:30:48,4145,13.21,372.7,48.8,46.202853,6.131628,374.5,True
18:30:48,4127,13.23,361.0,48.8,46.202853,6.131628,374.5,True
18:30:48,4116,13.26,361.0,48.8,46.202853,6.131628,374.5,True
18:30:48,4130,13.30,361.0,48.8,46.202853,6.131628,374.5,True
18:30:49,4129,13.36,361.0,48.8,46.202853,6.131628,374.5,True
18:30:49,4113,13.41,361.0,48.8,46.202853,6.131628,374.5,True
18:30:49,4104,13.46,358.0,51.6,46.202738,6.131555,374.3,True
18:30:49,4197,13.76,358.0,51.6,46.202738,6.131555,374.3,True
18:30:49,4277,14.03,358.0,51.6,46.202738,6.131555,374.3,True
18:30:49,4239,14.26,358.0,51.6,46.202738,6.131555,374.3,True
18:30:49,4210,14.09,358.0,51.6,46.202738,6.131555,374.3,True
18:30:49,4186,13.94,372.5,51.6,46.202738,6.131555,374.3,True
18:30:49,4175,13.79,372.5,51.6,46.202738,6.131555,374.3,True
18:30:49,4163,14.12,372.5,51.6,46.202738,6.131555,374.3,True
18:30:50,4138,14.38,372.5,51.6,46.202738,6.131555,374.3,True
18:30:50,4103,14.63,372.5,51.6,46.202738,6.131555,374.3,True
18:30:50,4094,14.68,378.7,48.4,46.202629,6.131470,374.5,True
18:30:50,4077,14.69,378.7,48.4,46.202629,6.131470,374.5,True
18:30:50,4065,14.70,378.7,48.4,46.202629,6.131470,374.5,True
18:30:50,4060,14.61,378.7,48.4,46.202629,6.131470,374.5,True
18:30:50,4035,14.55,378.7,48.4,46.202629,6.131470,374.5,True
18:30:50,4011,14.52,366.2,48.4,46.202629,6.131470,374.5,True
18:30:50,3990,14.51,366.2,48.4,46.202629,6.131470,374.5,True
18:30:50,3963,14.48,366.2,48.4,46.202629,6.131470,374.5,True
18:30:51,3938,14.44,366.2,48.4,46.202629,6.131470,374.5,True
18:30:51,3908,14.83,366.2,48.4,46.202629,6.131470,374.5,True
18:30:51,3876,15.16,355.2,47.7,46.202529,6.131380,375.5,True
18:30:51,3849,15.44,355.2,47.7,46.202529,6.131380,375.5,True
18:30:51,3818,15.62,355.2,47.7,46.202529,6.131380,375.5,True
18:30:51,3789,15.80,355.2,47.7,46.202529,6.131380,375.5,True
18:30:51,3777,15.95,355.2,47.7,46.202529,6.131380,375.5,True
18:30:51,3743,16.01,346.2,47.7,46.202529,6.131380,375.5,True
18:30:51,3710,16.11,346.2,47.7,46.202529,6.131380,375.5,True
18:30:52,3724,16.18,346.2,47.7,46.202529,6.131380,375.5,True
18:30:52,3696,16.19,346.2,47.7,46.202529,6.131380,375.5,True
18:30:52,3787,16.18,346.2,47.7,46.202529,6.131380,375.5,True
18:30:52,3848,16.14,338.2,43.5,46.202436,6.131297,376.0,True
18:30:52,3820,16.09,338.2,43.5,46.202436,6.131297,376.0,True
18:30:52,3846,16.09,338.2,43.5,46.202436,6.131297,376.0,True
18:30:52,3905,16.01,338.2,43.5,46.202436,6.131297,376.0,True
18:30:52,4046,15.96,338.2,43.5,46.202436,6.131297,376.0,True
18:30:52,4123,15.92,330.5,43.5,46.202436,6.131297,376.0,True
18:30:52,4183,15.77,330.5,43.5,46.202436,6.131297,376.0,True
18:30:53,4210,15.67,330.5,43.5,46.202436,6.131297,376.0,True
18:30:53,4247,15.59,330.5,43.5,46.202436,6.131297,376.0,True
18:30:53,4028,15.52,330.5,43.5,46.202436,6.131297,376.0,True
18:30:53,3935,15.47,323.0,42.6,46.202351,6.131208,375.8,True
18:30:53,3810,15.45,323.0,42.6,46.202351,6.131208,375.8,True
18:30:53,3662,15.40,323.0,42.6,46.202351,6.131208,375.8,True
18:30:53,3582,15.35,323.0,42.6,46.202351,6.131208,375.8,True
18:30:53,3478,15.28,323.0,42.6,46.202351,6.131208,375.8,True
18:30:53,3462,15.24,317.5,42.6,46.202351,6.131208,375.8,True
18:30:53,3495,15.22,317.5,42.6,46.202351,6.131208,375.8,True
18:30:54,3590,15.19,317.5,42.6,46.202351,6.131208,375.8,True
18:30:54,3629,15.15,317.5,42.6,46.202351,6.131208,375.8,True
18:30:54,3526,15.12,317.5,42.6,46.202351,6.131208,375.8,True
18:30:54,3401,15.12,311.5,37.0,46.202276,6.131117,375.7,True
18:30:54,3376,15.11,311.5,37.0,46.202276,6.131117,375.7,True
18:30:54,3446,15.09,311.5,37.0,46.202276,6.131117,375.7,True
18:30:54,3325,15.07,311.5,37.0,46.202276,6.131117,375.7,True
18:30:54,3262,15.07,311.5,37.0,46.202276,6.131117,375.7,True
18:30:54,3213,15.07,305.7,37.0,46.202276,6.131117,375.7,True
18:30:54,3128,15.05,305.7,37.0,46.202276,6.131117,375.7,True
18:30:55,3054,15.05,305.7,37.0,46.202276,6.131117,375.7,True
18:30:55,2996,15.05,305.7,37.0,46.202276,6.131117,375.7,True
18:30:55,2942,15.08,305.7,37.0,46.202276,6.131117,375.7,True
18:30:55,2903,15.11,300.2,30.1,46.202217,6.131042,375.7,True
18:30:55,2863,15.12,300.2,30.1,46.202217,6.131042,375.7,True
18:30:55,2833,15.12,300.2,30.1,46.202217,6.131042,375.7,True
18:30:55,2805,15.12,300.2,30.1,46.202217,6.131042,375.7,True
18:30:55,2873,15.11,300.2,30.1,46.202217,6.131042,375.7,True
18:30:55,2930,15.09,296.7,30.1,46.202217,6.131042,375.7,True
18:30:55,2946,15.08,296.7,30.1,46.202217,6.131042,375.7,True
18:30:55,2922,15.10,296.7,30.1,46.202217,6.131042,375.7,True
18:30:56,2912,15.08,296.7,30.1,46.202217,6.131042,375.7,True
18:30:56,2912,14.66,296.7,30.1,46.202217,6.131042,375.7,True
18:30:56,2920,14.30,313.2,31.7,46.202154,6.130984,376.0,True
18:30:56,2931,14.00,313.2,31.7,46.202154,6.130984,376.0,True
18:30:56,2949,14.57,313.2,31.7,46.202154,6.130984,376.0,True
18:30:56,3018,15.07,313.2,31.7,46.202154,6.130984,376.0,True
18:30:56,3036,15.51,313.2,31.7,46.202154,6.130984,376.0,True
18:30:56,3063,15.81,327.7,31.7,46.202154,6.130984,376.0,True
18:30:56,3088,16.04,327.7,31.7,46.202154,6.130984,376.0,True
18:30:56,3121,16.27,327.7,31.7,46.202154,6.130984,376.0,True
18:30:57,3280,16.11,327.7,31.7,46.202154,6.130984,376.0,True
18:30:57,3486,16.01,327.7,31.7,46.202154,6.130984,376.0,True
18:30:57,3663,15.88,341.2,30.1,46.202088,6.130928,376.1,True
18:30:57,3854,15.67,341.2,30.1,46.202088,6.130928,376.1,True
18:30:57,4018,15.49,341.2,30.1,46.202088,6.130928,376.1,True
18:30:57,3914,15.22,341.2,30.1,46.202088,6.130928,376.1,True
18:30:57,3840,14.99,341.2,30.1,46.202088,6.130928,376.1,True
18:30:57,3790,14.76,354.2,30.1,46.202088,6.130928,376.1,True
18:30:57,3759,14.61,354.2,30.1,46.202088,6.130928,376.1,True
18:30:57,3742,14.49,354.2,30.1,46.202088,6.130928,376.1,True
18:30:58,3737,14.36,354.2,30.1,46.202088,6.130928,376.1,True
18:30:58,3741,14.25,354.2,30.1,46.202088,6.130928,376.1,True
18:30:58,3752,14.16,366.7,32.7,46.202027,6.130861,375.9,True
18:30:58,3766,14.08,366.7,32.7,46.202027,6.130861,375.9,True
18:30:58,3784,13.91,366.7,32.7,46.202027,6.130861,375.9,True
18:30:58,3800,13.77,366.7,32.7,46.202027,6.130861,375.9,True
18:30:58,3788,13.65,366.7,32.7,46.202027,6.130861,375.9,True
18:30:58,3844,13.48,375.5,32.7,46.202027,6.130861,375.9,True
18:30:58,3836,13.31,375.5,32.7,46.202027,6.130861,375.9,True
18:30:58,3819,13.18,375.5,32.7,46.202027,6.130861,375.9,True
18:30:59,3849,13.02,375.5,32.7,46.202027,6.130861,375.9,True
18:30:59,3842,12.88,375.5,32.7,46.202027,6.130861,375.9,True
18:30:59,3839,12.79,363.5,41.5,46.201957,6.130771,375.5,True
18:30:59,3840,12.69,363.5,41.5,46.201957,6.130771,375.5,True
18:30:59,3807,12.62,363.5,41.5,46.201957,6.130771,375.5,True
18:30:59,3780,12.56,363.5,41.5,46.201957,6.130771,375.5,True
18:30:59,3781,12.81,363.5,41.5,46.201957,6.130771,375.5,True
18:30:59,3747,13.00,353.2,41.5,46.201957,6.130771,375.5,True
18:30:59,3794,13.21,353.2,41.5,46.201957,6.130771,375.5,True
18:31:00,3780,13.32,353.2,41.5,46.201957,6.130771,375.5,True
18:31:00,3891,13.40,353.2,41.5,46.201957,6.130771,375.5,True
18:31:00,3951,13.48,353.2,41.5,46.201957,6.130771,375.5,True
18:31:00,3958,13.52,344.0,41.5,46.201880,6.130675,375.1,True
18:31:00,4076,13.56,344.0,41.5,46.201880,6.130675,375.1,True
18:31:00,4063,13.57,344.0,41.5,46.201880,6.130675,375.1,True
18:31:00,4118,13.61,344.0,41.5,46.201880,6.130675,375.1,True
18:31:00,4059,13.65,344.0,41.5,46.201880,6.130675,375.1,True
18:31:00,3865,13.69,336.2,41.5,46.201880,6.130675,375.1,True
18:31:00,3687,13.64,336.2,41.5,46.201880,6.130675,375.1,True
18:31:01,3524,13.63,336.2,41.5,46.201880,6.130675,375.1,True
18:31:01,3392,13.61,336.2,41.5,46.201880,6.130675,375.1,True
18:31:01,3534,13.49,336.2,41.5,46.201880,6.130675,375.1,True
18:31:01,3633,13.38,329.2,39.8,46.201801,6.130587,374.7,True
18:31:01,3703,13.28,329.2,39.8,46.201801,6.130587,374.7,True
18:31:01,3731,13.44,329.2,39.8,46.201801,6.130587,374.7,True
18:31:01,3726,13.59,329.2,39.8,46.201801,6.130587,374.7,True
18:31:01,3720,13.67,329.2,39.8,46.201801,6.130587,374.7,True
18:31:01,3690,13.79,321.7,39.8,46.201801,6.130587,374.7,True
18:31:01,3842,13.91,321.7,39.8,46.201801,6.130587,374.7,True
18:31:02,3953,14.00,321.7,39.8,46.201801,6.130587,374.7,True
18:31:02,4024,14.03,321.7,39.8,46.201801,6.130587,374.7,True
18:31:02,4018,14.06,321.7,39.8,46.201801,6.130587,374.7,True
18:31:02,3878,14.18,315.0,38.4,46.201719,6.130512,374.2,True
18:31:02,3721,14.32,315.0,38.4,46.201719,6.130512,374.2,True
18:31:02,3611,14.43,315.0,38.4,46.201719,6.130512,374.2,True
18:31:02,3461,14.55,315.0,38.4,46.201719,6.130512,374.2,True
18:31:02,3323,14.67,315.0,38.4,46.201719,6.130512,374.2,True
18:31:02,3207,14.75,308.7,38.4,46.201719,6.130512,374.2,True
18:31:02,3094,14.79,308.7,38.4,46.201719,6.130512,374.2,True
18:31:03,2984,14.82,308.7,38.4,46.201719,6.130512,374.2,True
18:31:03,2891,14.87,308.7,38.4,46.201719,6.130512,374.2,True
18:31:03,2805,14.91,308.7,38.4,46.201719,6.130512,374.2,True
18:31:03,2725,14.92,303.7,33.3,46.201651,6.130443,374.0,True
18:31:03,2660,14.94,303.7,33.3,46.201651,6.130443,374.0,True
18:31:03,2590,14.96,303.7,33.3,46.201651,6.130443,374.0,True
18:31:03,2515,14.99,303.7,33.3,46.201651,6.130443,374.0,True
18:31:03,2458,14.98,303.7,33.3,46.201651,6.130443,374.0,True
18:31:03,2394,14.98,299.2,33.3,46.201651,6.130443,374.0,True
18:31:03,2336,14.99,299.2,33.3,46.201651,6.130443,374.0,True
18:31:04,2267,15.00,299.2,33.3,46.201651,6.130443,374.0,True
18:31:04,2211,14.95,299.2,33.3,46.201651,6.130443,374.0,True
18:31:04,2276,14.91,299.2,33.3,46.201651,6.130443,374.0,True
18:31:04,2310,14.86,299.5,23.1,46.201607,6.130392,374.5,True
18:31:04,2342,14.81,299.5,23.1,46.201607,6.130392,374.5,True
18:31:04,2350,14.77,299.5,23.1,46.201607,6.130392,374.5,True
18:31:04,2340,14.77,299.5,23.1,46.201607,6.130392,374.5,True
18:31:04,2324,14.63,299.5,23.1,46.201607,6.130392,374.5,True
18:31:04,2283,14.52,294.7,23.1,46.201607,6.130392,374.5,True
18:31:04,2253,14.42,294.7,23.1,46.201607,6.130392,374.5,True
18:31:05,2200,14.16,294.7,23.1,46.201607,6.130392,374.5,True
18:31:05,2148,13.96,294.7,23.1,46.201607,6.130392,374.5,True
18:31:05,2078,13.77,294.7,23.1,46.201607,6.130392,374.5,True
18:31:05,2022,13.80,293.2,16.1,46.201572,6.130358,374.1,True
18:31:05,1954,13.82,293.2,16.1,46.201572,6.130358,374.1,True
18:31:05,1894,13.83,293.2,16.1,46.201572,6.130358,374.1,True
18:31:05,1830,13.86,293.2,16.1,46.201572,6.130358,374.1,True
18:31:05,1776,13.86,293.2,16.1,46.201572,6.130358,374.1,True
18:31:05,1714,13.89,292.7,16.1,46.201572,6.130358,374.1,True
18:31:05,1718,13.86,292.7,16.1,46.201572,6.130358,374.1,True
18:31:06,1670,13.84,292.7,16.1,46.201572,6.130358,374.1,True
18:31:06,1622,13.82,292.7,16.1,46.201572,6.130358,374.1,True
18:31:06,1589,13.71,292.7,16.1,46.201572,6.130358,374.1,True
18:31:06,1550,13.62,290.7,7.6,46.201555,6.130340,373.1,True
18:31:06,1539,13.55,290.7,7.6,46.201555,6.130340,373.1,True
18:31:06,1507,13.44,290.7,7.6,46.201555,6.130340,373.1,True
18:31:06,1500,13.38,290.7,7.6,46.201555,6.130340,373.1,True
18:31:06,1479,13.28,290.7,7.6,46.201555,6.130340,373.1,True
18:31:06,1452,13.20,289.0,7.6,46.201555,6.130340,373.1,True
18:31:06,1444,13.11,289.0,7.6,46.201555,6.130340,373.1,True
18:31:07,1421,13.05,289.0,7.6,46.201555,6.130340,373.1,True
18:31:07,1403,13.00,289.0,7.6,46.201555,6.130340,373.1,True
18:31:07,1404,12.96,289.0,7.6,46.201555,6.130340,373.1,True
18:31:07,1397,12.91,286.7,6.1,46.201543,6.130336,372.1,True
18:31:07,1390,12.87,286.7,6.1,46.201543,6.130336,372.1,True
18:31:07,1405,12.83,286.7,6.1,46.201543,6.130336,372.1,True
18:31:07,1400,12.82,286.7,6.1,46.201543,6.130336,372.1,True
18:31:07,1396,12.77,286.7,6.1,46.201543,6.130336,372.1,True
18:31:07,1383,12.72,284.7,6.1,46.201543,6.130336,372.1,True
18:31:07,1362,12.72,284.7,6.1,46.201543,6.130336,372.1,True
18:31:08,1346,12.73,284.7,6.1,46.201543,6.130336,372.1,True
18:31:08,1426,12.73,284.7,6.1,46.201543,6.130336,372.1,True
18:31:08,1434,12.72,284.7,6.1,46.201543,6.130336,372.1,True
18:31:08,1428,12.70,281.7,2.2,46.201547,6.130340,373.8,True
18:31:08,1405,12.70,281.7,2.2,46.201547,6.130340,373.8,True
18:31:08,1404,12.60,281.7,2.2,46.201547,6.130340,373.8,True
18:31:08,1396,12.57,281.7,2.2,46.201547,6.130340,373.8,True
18:31:08,1402,12.56,281.7,2.2,46.201547,6.130340,373.8,True
18:31:08,1393,12.56,282.2,2.2,46.201547,6.130340,373.8,True
18:31:08,1382,12.59,282.2,2.2,46.201547,6.130340,373.8,True
18:31:09,1409,12.61,282.2,2.2,46.201547,6.130340,373.8,True
18:31:09,1437,12.65,282.2,2.2,46.201547,6.130340,373.8,True
18:31:09,1405,12.65,282.2,2.2,46.201547,6.130340,373.8,True
18:31:09,1378,12.62,278.5,1.0,46.201548,6.130343,374.0,True
18:31:09,1385,12.59,278.5,1.0,46.201548,6.130343,374.0,True
18:31:09,1452,12.58,278.5,1.0,46.201548,6.130343,374.0,True
18:31:09,1498,12.53,278.5,1.0,46.201548,6.130343,374.0,True
18:31:09,1538,12.56,278.5,1.0,46.201548,6.130343,374.0,True
18:31:09,1555,12.58,277.5,1.0,46.201548,6.130343,374.0,True
18:31:09,1592,12.60,277.5,1.0,46.201548,6.130343,374.0,True
18:31:09,1566,12.65,277.5,1.0,46.201548,6.130343,374.0,True
18:31:10,1526,12.72,277.5,1.0,46.201548,6.130343,374.0,True
18:31:10,1536,12.77,277.5,1.0,46.201548,6.130343,374.0,True
18:31:10,1557,12.81,275.0,0.0,46.201551,6.130339,377.0,True
18:31:10,0,0.00,0.0,0.0,46.201551,6.130339,377.0,True
18:31:10,283,12.69,275.0,0.0,46.201551,6.130339,377.0,True
18:31:10,510,12.73,275.0,0.0,46.201551,6.130339,377.0,True
18:31:10,690,12.73,275.0,0.0,46.201551,6.130339,377.0,True
18:31:10,833,12.71,275.0,0.0,46.201551,6.130339,377.0,True
18:31:10,945,12.70,273.0,0.0,46.201551,6.130339,377.0,True
18:31:10,1023,12.71,273.0,0.0,46.201551,6.130339,377.0,True
18:31:11,1113,12.70,273.0,0.0,46.201551,6.130339,377.0,True
18:31:11,1165,12.69,273.0,0.0,46.201551,6.130339,377.0,True
18:31:11,1220,12.67,273.0,0.0,46.201552,6.130339,378.5,True
18:31:11,1242,12.69,270.2,0.0,46.201552,6.130339,378.5,True
18:31:11,1310,12.70,270.2,0.0,46.201552,6.130339,378.5,True
18:31:11,1335,12.74,270.2,0.0,46.201552,6.130339,378.5,True
18:31:11,1375,12.76,270.2,0.0,46.201552,6.130339,378.5,True
18:31:11,1385,12.81,270.2,0.0,46.201552,6.130339,378.5,True
18:31:11,1431,12.87,269.5,0.0,46.201552,6.130339,378.5,True
18:31:11,1445,12.89,269.5,0.0,46.201552,6.130339,378.5,True
18:31:12,1469,12.90,269.5,0.0,46.201552,6.130339,378.5,True
18:31:12,1459,12.94,269.5,0.0,46.201552,6.130339,378.5,True
18:31:12,1507,12.97,269.5,0.0,46.201553,6.130341,378.6,True
18:31:12,1502,12.97,268.5,0.0,46.201553,6.130341,378.6,True
18:31:12,1503,12.95,268.5,0.0,46.201553,6.130341,378.6,True
18:31:12,1495,12.95,268.5,0.0,46.201553,6.130341,378.6,True
18:31:12,1493,12.91,268.5,0.0,46.201553,6.130341,378.6,True
18:31:12,1487,12.91,268.5,0.0,46.201553,6.130341,378.6,True
18:31:12,1462,12.87,267.7,0.0,46.201553,6.130341,378.6,True
18:31:12,1437,12.84,267.7,0.0,46.201553,6.130341,378.6,True
18:31:13,1433,12.82,267.7,0.0,46.201553,6.130341,378.6,True
18:31:13,1412,12.79,267.7,0.0,46.201553,6.130341,378.6,True
18:31:13,1409,12.80,267.7,0.0,46.201554,6.130344,378.8,True
18:31:13,1428,12.76,265.2,0.0,46.201554,6.130344,378.8,True
18:31:13,1428,12.77,265.2,0.0,46.201554,6.130344,378.8,True
18:31:13,1408,12.74,265.2,0.0,46.201554,6.130344,378.8,True
18:31:13,1389,12.67,265.2,0.0,46.201554,6.130344,378.8,True
18:31:13,1407,12.63,265.2,0.0,46.201554,6.130344,378.8,True
18:31:13,1486,12.68,265.0,0.0,46.201554,6.130344,378.8,True
18:31:13,1541,12.71,265.0,0.0,46.201554,6.130344,378.8,True
18:31:14,1543,12.72,265.0,0.0,46.201554,6.130344,378.8,True
18:31:14,1514,12.75,265.0,0.0,46.201554,6.130344,378.8,True
18:31:14,1474,12.77,265.0,0.0,46.201554,6.130345,379.0,True
18:31:14,1465,12.80,263.2,0.0,46.201554,6.130345,379.0,True
18:31:14,1437,12.81,263.2,0.0,46.201554,6.130345,379.0,True
18:31:14,1423,12.79,263.2,0.0,46.201554,6.130345,379.0,True
18:31:14,1418,12.78,263.2,0.0,46.201554,6.130345,379.0,True
18:31:14,1431,12.77,263.2,0.0,46.201554,6.130345,379.0,True
18:31:14,1436,12.74,262.7,0.0,46.201554,6.130345,379.0,True
18:31:14,1452,12.74,262.7,0.0,46.201554,6.130345,379.0,True
18:31:15,1455,12.72,262.7,0.0,46.201554,6.130345,379.0,True
18:31:15,1469,12.71,262.7,0.0,46.201554,6.130345,379.0,True
18:31:15,1468,12.71,262.7,0.0,46.201553,6.130348,379.1,True
18:31:15,1511,12.72,262.0,0.0,46.201553,6.130348,379.1,True
18:31:15,1498,12.74,262.0,0.0,46.201553,6.130348,379.1,True
18:31:15,1499,12.71,262.0,0.0,46.201553,6.130348,379.1,True
18:31:15,1525,12.71,262.0,0.0,46.201553,6.130348,379.1,True
18:31:15,1528,12.72,262.0,0.0,46.201553,6.130348,379.1,True
18:31:15,1507,12.70,261.7,0.0,46.201553,6.130348,379.1,True
18:31:15,1518,12.68,261.7,0.0,46.201553,6.130348,379.1,True
18:31:16,1579,12.66,261.7,0.0,46.201553,6.130348,379.1,True
18:31:16,1532,12.63,261.7,0.0,46.201553,6.130348,379.1,True
18:31:16,1527,12.62,261.7,0.0,46.201552,6.130349,379.2,True
18:31:16,1493,12.60,259.5,0.0,46.201552,6.130349,379.2,True
18:31:16,1561,12.60,259.5,0.0,46.201552,6.130349,379.2,True
18:31:16,1592,12.58,259.5,0.0,46.201552,6.130349,379.2,True
18:31:16,1599,12.55,259.5,0.0,46.201552,6.130349,379.2,True
18:31:16,1545,12.62,259.5,0.0,46.201552,6.130349,379.2,True
18:31:16,1568,12.64,259.5,0.0,46.201552,6.130349,379.2,True
18:31:16,1539,12.63,259.5,0.0,46.201552,6.130349,379.2,True
18:31:17,1524,12.67,259.5,0.0,46.201552,6.130349,379.2,True
18:31:17,1501,12.72,259.5,0.0,46.201552,6.130349,379.2,True
18:31:17,1486,12.76,259.5,0.0,46.201552,6.130350,379.3,True
18:31:17,1517,12.77,258.2,0.0,46.201552,6.130350,379.3,True
18:31:17,1752,12.80,258.2,0.0,46.201552,6.130350,379.3,True
18:31:17,2056,12.83,258.2,0.0,46.201552,6.130350,379.3,True
18:31:17,2117,12.82,258.2,0.0,46.201552,6.130350,379.3,True
18:31:17,2159,12.81,258.2,0.0,46.201552,6.130350,379.3,True
18:31:17,2169,12.76,262.5,0.0,46.201552,6.130350,379.3,True
18:31:17,2162,12.74,262.5,0.0,46.201552,6.130350,379.3,True
18:31:18,2230,12.75,262.5,0.0,46.201552,6.130350,379.3,True
18:31:18,2197,12.73,262.5,0.0,46.201552,6.130350,379.3,True
18:31:18,2149,12.93,262.5,0.0,46.201552,6.130350,379.4,True
18:31:18,2114,13.09,261.5,0.0,46.201552,6.130350,379.4,True
18:31:18,2144,13.20,261.5,0.0,46.201552,6.130350,379.4,True
18:31:18,2066,13.44,261.5,0.0,46.201552,6.130350,379.4,True
18:31:18,2011,13.69,261.5,0.0,46.201552,6.130350,379.4,True
18:31:18,1935,13.87,261.5,0.0,46.201552,6.130350,379.4,True
18:31:18,1865,14.03,260.0,0.0,46.201552,6.130350,379.4,True
18:31:18,1795,14.19,260.0,0.0,46.201552,6.130350,379.4,True
18:31:19,1795,14.33,260.0,0.0,46.201552,6.130350,379.4,True
18:31:19,1816,14.35,260.0,0.0,46.201552,6.130350,379.4,True
18:31:19,1851,14.35,260.0,0.0,46.201551,6.130350,379.4,True
18:31:19,1820,14.33,257.5,0.0,46.201551,6.130350,379.4,True
18:31:19,1741,14.26,257.5,0.0,46.201551,6.130350,379.4,True
18:31:19,1726,14.22,257.5,0.0,46.201551,6.130350,379.4,True
18:31:19,1749,14.14,257.5,0.0,46.201551,6.130350,379.4,True
18:31:19,1694,14.11,257.5,0.0,46.201551,6.130350,379.4,True
18:31:19,1649,14.09,256.2,0.0,46.201551,6.130350,379.4,True
18:31:19,1645,14.04,256.2,0.0,46.201551,6.130350,379.4,True
18:31:20,1704,13.94,256.2,0.0,46.201551,6.130350,379.4,True
18:31:20,1725,13.88,256.2,0.0,46.201551,6.130350,379.4,True
18:31:20,1726,13.83,256.2,0.0,46.201551,6.130350,379.5,True
18:31:20,1725,13.71,255.3,0.0,46.201551,6.130350,379.5,True
18:31:20,1735,13.63,255.3,0.0,46.201551,6.130350,379.5,True
18:31:20,1727,13.55,255.3,0.0,46.201551,6.130350,379.5,True
18:31:20,1732,13.47,255.3,0.0,46.201551,6.130350,379.5,True
18:31:20,1781,13.41,255.3,0.0,46.201551,6.130350,379.5,True
18:31:20,1740,13.37,254.5,0.0,46.201551,6.130350,379.5,True
18:31:20,1685,13.27,254.5,0.0,46.201551,6.130350,379.5,True
18:31:21,1621,13.23,254.5,0.0,46.201551,6.130350,379.5,True
18:31:21,1569,13.17,254.5,0.0,46.201551,6.130350,379.5,True
18:31:21,1584,13.05,254.5,0.0,46.201551,6.130348,379.5,True
18:31:21,1589,12.95,252.3,0.0,46.201551,6.130348,379.5,True
18:31:21,1630,12.87,252.3,0.0,46.201551,6.130348,379.5,True
18:31:21,1660,12.84,252.3,0.0,46.201551,6.130348,379.5,True
18:31:21,1655,12.84,252.3,0.0,46.201551,6.130348,379.5,True
18:31:21,1634,12.88,252.3,0.0,46.201551,6.130348,379.5,True
18:31:21,1635,12.89,250.3,0.0,46.201551,6.130348,379.5,True
18:31:21,1609,12.93,250.3,0.0,46.201551,6.130348,379.5,True
18:31:22,1661,13.02,250.3,0.0,46.201551,6.130348,379.5,True
18:31:22,1720,13.06,250.3,0.0,46.201551,6.130348,379.5,True
18:31:22,1700,13.12,250.3,0.0,46.201552,6.130346,379.6,True
18:31:22,1701,13.19,251.0,0.0,46.201552,6.130346,379.6,True
18:31:22,1674,13.25,251.0,0.0,46.201552,6.130346,379.6,True
18:31:22,1637,13.30,251.0,0.0,46.201552,6.130346,379.6,True
18:31:22,1634,13.24,251.0,0.0,46.201552,6.130346,379.6,True
18:31:22,1606,13.19,251.0,0.0,46.201552,6.130346,379.6,True
18:31:22,1619,13.15,250.5,0.0,46.201552,6.130346,379.6,True
18:31:22,1590,13.06,250.5,0.0,46.201552,6.130346,379.6,True
18:31:23,1583,13.03,250.5,0.0,46.201552,6.130346,379.6,True
18:31:23,1575,12.99,250.5,0.0,46.201552,6.130346,379.6,True
18:31:23,1580,12.98,250.5,0.0,46.201552,6.130345,379.6,True
18:31:23,1537,12.89,249.3,0.0,46.201552,6.130345,379.6,True
18:31:23,1558,12.86,249.3,0.0,46.201552,6.130345,379.6,True
18:31:23,1570,12.85,249.3,0.0,46.201552,6.130345,379.6,True
18:31:23,1555,12.82,249.3,0.0,46.201552,6.130345,379.6,True
18:31:23,1586,12.82,249.3,0.0,46.201552,6.130345,379.6,True
18:31:23,1575,12.86,248.0,0.0,46.201552,6.130345,379.6,True
18:31:24,1563,12.89,248.0,0.0,46.201552,6.130345,379.6,True
18:31:24,1589,12.90,248.0,0.0,46.201552,6.130345,379.6,True
18:31:24,1558,12.93,248.0,0.0,46.201552,6.130345,379.6,True
18:31:24,1522,12.97,248.0,0.0,46.201551,6.130344,379.7,True
18:31:24,1539,12.99,247.3,0.0,46.201551,6.130344,379.7,True
18:31:24,1504,12.95,247.3,0.0,46.201551,6.130344,379.7,True
18:31:24,1467,12.99,247.3,0.0,46.201551,6.130344,379.7,True
18:31:24,1488,12.99,247.3,0.0,46.201551,6.130344,379.7,True
18:31:24,1512,12.97,247.3,0.0,46.201551,6.130344,379.7,True
18:31:24,1473,12.92,246.8,0.0,46.201551,6.130344,379.7,True
18:31:24,1463,12.89,246.8,0.0,46.201551,6.130344,379.7,True
18:31:25,1428,12.87,246.8,0.0,46.201551,6.130344,379.7,True
18:31:25,1417,12.85,246.8,0.0,46.201551,6.130344,379.7,True
18:31:25,1382,12.85,246.8,0.0,46.201551,6.130343,379.8,True
18:31:25,1351,12.87,246.3,0.0,46.201551,6.130343,379.8,True
18:31:25,1330,12.87,246.3,0.0,46.201551,6.130343,379.8,True
18:31:25,1314,12.86,246.3,0.0,46.201551,6.130343,379.8,True
18:31:25,1296,12.86,246.3,0.0,46.201551,6.130343,379.8,True
18:31:25,1289,12.89,246.3,0.0,46.201551,6.130343,379.8,True
18:31:25,1285,12.90,244.0,0.0,46.201551,6.130343,379.8,True
18:31:25,1292,12.89,244.0,0.0,46.201551,6.130343,379.8,True
18:31:26,1297,12.85,244.0,0.0,46.201551,6.130343,379.8,True
18:31:26,1322,12.83,244.0,0.0,46.201551,6.130343,379.8,True
18:31:26,1332,12.84,244.0,0.0,46.201551,6.130343,379.9,True
18:31:26,1379,12.88,244.0,0.0,46.201551,6.130343,379.9,True
18:31:26,1365,12.87,244.0,0.0,46.201551,6.130343,379.9,True
18:31:26,1372,12.88,244.0,0.0,46.201551,6.130343,379.9,True
18:31:26,1353,12.91,244.0,0.0,46.201551,6.130343,379.9,True
18:31:26,1384,12.90,244.0,0.0,46.201551,6.130343,379.9,True
18:31:26,1461,12.90,242.3,0.0,46.201551,6.130343,379.9,True
18:31:26,1490,12.92,242.3,0.0,46.201551,6.130343,379.9,True
18:31:27,1516,12.88,242.3,0.0,46.201551,6.130343,379.9,True
18:31:27,1489,12.84,242.3,0.0,46.201551,6.130343,379.9,True
18:31:27,1483,12.82,242.3,0.0,46.201550,6.130343,380.0,True
18:31:27,1465,12.87,241.3,0.0,46.201550,6.130343,380.0,True
18:31:27,1470,12.89,241.3,0.0,46.201550,6.130343,380.0,True
18:31:27,1451,12.90,241.3,0.0,46.201550,6.130343,380.0,True
18:31:27,1441,12.93,241.3,0.0,46.201550,6.130343,380.0,True
18:31:27,1429,12.96,241.3,0.0,46.201550,6.130343,380.0,True
18:31:27,1460,12.98,239.5,0.0,46.201550,6.130343,380.0,True
18:31:27,1461,12.96,239.5,0.0,46.201550,6.130343,380.0,True
18:31:28,1451,12.98,239.5,0.0,46.201550,6.130343,380.0,True
18:31:28,1440,13.02,239.5,0.0,46.201550,6.130343,380.0,True
18:31:28,1469,13.00,239.5,0.0,46.201550,6.130343,380.2,True
18:31:28,1470,12.99,239.0,0.0,46.201550,6.130343,380.2,True
18:31:28,1450,13.02,239.0,0.0,46.201550,6.130343,380.2,True
18:31:28,1471,13.02,239.0,0.0,46.201550,6.130343,380.2,True
18:31:28,1463,13.04,239.0,0.0,46.201550,6.130343,380.2,True
18:31:28,1491,13.00,239.0,0.0,46.201550,6.130343,380.2,True
18:31:28,1529,13.05,238.5,0.0,46.201550,6.130343,380.2,True
18:31:28,1537,13.05,238.5,0.0,46.201550,6.130343,380.2,True
18:31:29,1528,13.05,238.5,0.0,46.201550,6.130343,380.2,True
18:31:29,1548,13.04,238.5,0.0,46.201550,6.130343,380.2,True
18:31:29,1535,13.05,238.5,0.0,46.201549,6.130342,380.2,True
18:31:29,1597,13.06,239.3,0.0,46.201549,6.130342,380.2,True
18:31:29,1631,13.02,239.3,0.0,46.201549,6.130342,380.2,True
18:31:29,1627,13.01,239.3,0.0,46.201549,6.130342,380.2,True
18:31:29,1631,13.02,239.3,0.0,46.201549,6.130342,380.2,True
18:31:29,1597,12.97,239.3,0.0,46.201549,6.130342,380.2,True
18:31:29,1647,12.92,238.0,0.0,46.201549,6.130342,380.2,True
18:31:29,1683,12.89,238.0,0.0,46.201549,6.130342,380.2,True
18:31:30,1756,12.85,238.0,0.0,46.201549,6.130342,380.2,True
18:31:30,1785,12.82,238.0,0.0,46.201549,6.130342,380.2,True
18:31:30,1800,12.79,238.0,0.0,46.201549,6.130341,380.3,True
18:31:30,1794,12.79,237.3,0.0,46.201549,6.130341,380.3,True
18:31:30,1796,12.75,237.3,0.0,46.201549,6.130341,380.3,True
18:31:30,1775,12.77,237.3,0.0,46.201549,6.130341,380.3,True
18:31:30,1760,12.82,237.3,0.0,46.201549,6.130341,380.3,True
18:31:30,1726,12.84,237.3,0.0,46.201549,6.130341,380.3,True
18:31:30,1645,12.85,237.0,0.0,46.201549,6.130341,380.3,True
18:31:30,1576,12.93,237.0,0.0,46.201549,6.130341,380.3,True
18:31:31,1542,12.99,237.0,0.0,46.201549,6.130341,380.3,True
18:31:31,1498,12.99,237.0,0.0,46.201549,6.130341,380.3,True
18:31:31,1477,12.95,237.0,0.0,46.201548,6.130341,380.5,True
18:31:31,1448,12.97,236.5,0.0,46.201548,6.130341,380.5,True
18:31:31,1438,12.98,236.5,0.0,46.201548,6.130341,380.5,True
18:31:31,1410,12.98,236.5,0.0,46.201548,6.130341,380.5,True
18:31:31,1389,13.01,236.5,0.0,46.201548,6.130341,380.5,True
18:31:31,1382,13.00,236.5,0.0,46.201548,6.130341,380.5,True
18:31:31,1358,13.03,235.8,0.0,46.201548,6.130341,380.5,True
18:31:31,1364,13.05,235.8,0.0,46.201548,6.130341,380.5,True
18:31:32,1350,13.04,235.8,0.0,46.201548,6.130341,380.5,True
18:31:32,1336,13.02,235.8,0.0,46.201548,6.130341,380.5,True
18:31:32,1336,13.01,235.8,0.0,46.201547,6.130341,380.7,True
18:31:32,1331,12.97,235.3,0.0,46.201547,6.130341,380.7,True
18:31:32,1374,12.92,235.3,0.0,46.201547,6.130341,380.7,True
18:31:32,1366,12.90,235.3,0.0,46.201547,6.130341,380.7,True
18:31:32,1361,12.92,235.3,0.0,46.201547,6.130341,380.7,True
18:31:32,1456,12.92,235.3,0.0,46.201547,6.130341,380.7,True
18:31:32,1432,12.90,234.5,0.0,46.201547,6.130341,380.7,True
18:31:32,1410,12.89,234.5,0.0,46.201547,6.130341,380.7,True
18:31:33,1449,12.87,234.5,0.0,46.201547,6.130341,380.7,True
18:31:33,1435,12.83,234.5,0.0,46.201547,6.130341,380.7,True
18:31:33,1420,12.83,234.5,0.0,46.201546,6.130341,380.9,True
18:31:33,1392,12.85,234.3,0.0,46.201546,6.130341,380.9,True
18:31:33,1412,12.87,234.3,0.0,46.201546,6.130341,380.9,True
18:31:33,1468,12.83,234.3,0.0,46.201546,6.130341,380.9,True
18:31:33,1448,12.81,234.3,0.0,46.201546,6.130341,380.9,True
18:31:33,1405,12.80,234.3,0.0,46.201546,6.130341,380.9,True
18:31:33,1380,12.84,232.0,0.0,46.201546,6.130341,380.9,True
18:31:33,1355,12.84,232.0,0.0,46.201546,6.130341,380.9,True
18:31:34,1328,12.86,232.0,0.0,46.201546,6.130341,380.9,True
18:31:34,1337,12.85,232.0,0.0,46.201546,6.130341,380.9,True
18:31:34,1366,12.84,232.0,0.0,46.201544,6.130341,381.0,True
18:31:34,1378,12.84,232.3,0.0,46.201544,6.130341,381.0,True
18:31:34,1408,12.91,232.3,0.0,46.201544,6.130341,381.0,True
18:31:34,1417,12.97,232.3,0.0,46.201544,6.130341,381.0,True
18:31:34,1397,13.07,232.3,0.0,46.201544,6.130341,381.0,True
18:31:34,1378,13.12,232.3,0.0,46.201544,6.130341,381.0,True
18:31:34,1357,13.16,231.5,0.0,46.201544,6.130341,381.0,True
18:31:34,1394,13.21,231.5,0.0,46.201544,6.130341,381.0,True
18:31:35,1377,13.14,231.5,0.0,46.201544,6.130341,381.0,True
18:31:35,1370,13.12,231.5,0.0,46.201544,6.130341,381.0,True
18:31:35,1404,13.10,231.5,0.0,46.201541,6.130341,381.1,True
18:31:35,1422,13.02,231.3,0.0,46.201541,6.130341,381.1,True
18:31:35,1432,12.98,231.3,0.0,46.201541,6.130341,381.1,True
18:31:35,1449,12.87,231.3,0.0,46.201541,6.130341,381.1,True
18:31:35,1467,12.89,231.3,0.0,46.201541,6.130341,381.1,True
18:31:35,1476,12.91,231.3,0.0,46.201541,6.130341,381.1,True
18:31:35,1451,12.92,231.0,0.0,46.201541,6.130341,381.1,True
18:31:35,1500,12.93,231.0,0.0,46.201541,6.130341,381.1,True
18:31:36,1481,12.95,231.0,0.0,46.201541,6.130341,381.1,True
18:31:36,1469,12.92,231.0,0.0,46.201541,6.130341,381.1,True
18:31:36,1444,12.88,231.0,0.0,46.201540,6.130340,381.2,True
18:31:36,1462,12.85,231.3,0.0,46.201540,6.130340,381.2,True
18:31:36,1445,12.82,231.3,0.0,46.201540,6.130340,381.2,True
18:31:36,1466,12.80,231.3,0.0,46.201540,6.130340,381.2,True
18:31:36,1447,12.76,231.3,0.0,46.201540,6.130340,381.2,True
18:31:36,1464,12.70,231.3,0.0,46.201540,6.130340,381.2,True
18:31:36,1491,12.67,232.0,0.0,46.201540,6.130340,381.2,True
18:31:36,1522,12.62,232.0,0.0,46.201540,6.130340,381.2,True
18:31:37,1522,12.62,232.0,0.0,46.201540,6.130340,381.2,True
18:31:37,1547,12.64,232.0,0.0,46.201540,6.130340,381.2,True
18:31:37,1545,12.65,232.0,0.0,46.201538,6.130339,381.4,True
18:31:37,1523,12.65,232.3,0.0,46.201538,6.130339,381.4,True
18:31:37,1536,12.62,232.3,0.0,46.201538,6.130339,381.4,True
18:31:37,1499,12.62,232.3,0.0,46.201538,6.130339,381.4,True
18:31:37,1540,12.62,232.3,0.0,46.201538,6.130339,381.4,True
18:31:37,1545,12.64,232.3,0.0,46.201538,6.130339,381.4,True
18:31:37,1592,12.65,231.5,0.0,46.201538,6.130339,381.4,True
18:31:37,1635,12.64,231.5,0.0,46.201538,6.130339,381.4,True
18:31:38,1617,12.65,231.5,0.0,46.201538,6.130339,381.4,True
18:31:38,1564,12.65,231.5,0.0,46.201538,6.130339,381.4,True
18:31:38,1517,12.65,231.5,0.0,46.201535,6.130339,381.5,True
18:31:38,1468,12.65,231.5,0.0,46.201535,6.130339,381.5,True
18:31:38,1501,12.64,231.5,0.0,46.201535,6.130339,381.5,True
18:31:38,1456,12.62,231.5,0.0,46.201535,6.130339,381.5,True
18:31:38,1425,12.62,231.5,0.0,46.201535,6.130339,381.5,True
18:31:38,1404,12.61,231.5,0.0,46.201535,6.130339,381.5,True
18:31:38,1388,12.61,230.5,0.0,46.201535,6.130339,381.5,True
18:31:38,1384,12.61,230.5,0.0,46.201535,6.130339,381.5,True
18:31:39,1359,12.61,230.5,0.0,46.201535,6.130339,381.5,True
18:31:39,1368,12.65,230.5,0.0,46.201535,6.130339,381.5,True
18:31:39,1347,12.65,230.5,0.0,46.201533,6.130338,381.6,True
18:31:39,1331,12.62,231.0,0.0,46.201533,6.130338,381.6,True
18:31:39,1337,12.65,231.0,0.0,46.201533,6.130338,381.6,True
18:31:39,1321,12.65,231.0,0.0,46.201533,6.130338,381.6,True
18:31:39,1319,12.64,231.0,0.0,46.201533,6.130338,381.6,True
18:31:39,1351,12.61,231.0,0.0,46.201533,6.130338,381.6,True
18:31:39,1337,12.58,230.8,0.0,46.201533,6.130338,381.6,True
18:31:39,1356,12.54,230.8,0.0,46.201533,6.130338,381.6,True
18:31:40,1342,12.49,230.8,0.0,46.201533,6.130338,381.6,True
18:31:40,1362,12.46,230.8,0.0,46.201533,6.130338,381.6,True
18:31:40,1356,12.42,230.8,0.0,46.201531,6.130337,381.8,True
18:31:40,1346,12.43,229.0,0.0,46.201531,6.130337,381.8,True
18:31:40,1372,12.45,229.0,0.0,46.201531,6.130337,381.8,True
18:31:40,1460,12.50,229.0,0.0,46.201531,6.130337,381.8,True
18:31:40,1441,12.50,229.0,0.0,46.201531,6.130337,381.8,True
18:31:40,1472,12.54,229.0,0.0,46.201531,6.130337,381.8,True
18:31:40,1473,12.60,228.3,0.0,46.201531,6.130337,381.8,True
18:31:40,1523,12.64,228.3,0.0,46.201531,6.130337,381.8,True
18:31:41,1590,12.69,228.3,0.0,46.201531,6.130337,381.8,True
18:31:41,1619,12.75,228.3,0.0,46.201531,6.130337,381.8,True
18:31:41,1610,12.79,228.3,0.0,46.201529,6.130336,382.0,True
18:31:41,0,0.00,0.0,0.0,46.201529,6.130336,382.0,True
18:31:41,344,13.04,227.5,0.0,46.201529,6.130336,382.0,True
18:31:41,532,12.99,227.5,0.0,46.201529,6.130336,382.0,True
18:31:41,705,12.96,227.5,0.0,46.201529,6.130336,382.0,True
18:31:41,822,12.91,227.5,0.0,46.201529,6.130336,382.0,True
18:31:41,914,12.87,227.5,0.0,46.201529,6.130336,382.0,True
18:31:41,992,12.83,228.8,0.0,46.201529,6.130336,382.0,True
18:31:42,1063,12.78,228.8,0.0,46.201529,6.130336,382.0,True
18:31:42,1129,12.78,228.8,0.0,46.201529,6.130336,382.0,True
18:31:42,1215,12.80,228.8,0.0,46.201526,6.130335,382.2,True
18:31:42,1240,12.84,228.8,0.0,46.201526,6.130335,382.2,True
18:31:42,1316,12.82,228.5,0.0,46.201526,6.130335,382.2,True
18:31:42,1367,12.77,228.5,0.0,46.201526,6.130335,382.2,True
18:31:42,1413,12.77,228.5,0.0,46.201526,6.130335,382.2,True
18:31:42,1395,12.76,228.5,0.0,46.201526,6.130335,382.2,True
18:31:42,1370,12.71,228.5,0.0,46.201526,6.130335,382.2,True
18:31:42,1413,12.66,228.0,0.0,46.201526,6.130335,382.2,True
18:31:43,1384,12.66,228.0,0.0,46.201526,6.130335,382.2,True
18:31:43,1389,12.65,228.0,0.0,46.201526,6.130335,382.2,True
18:31:43,1354,12.65,228.0,0.0,46.201524,6.130335,382.3,True
18:31:43,1372,12.64,228.0,0.0,46.201524,6.130335,382.3,True
18:31:43,1397,12.63,227.3,0.0,46.201524,6.130335,382.3,True
18:31:43,1372,12.64,227.3,0.0,46.201524,6.130335,382.3,True
18:31:43,1434,12.61,227.3,0.0,46.201524,6.130335,382.3,True
18:31:43,1460,12.61,227.3,0.0,46.201524,6.130335,382.3,True
18:31:43,1467,12.61,227.3,0.0,46.201524,6.130335,382.3,True
18:31:44,1438,12.62,227.3,0.0,46.201524,6.130335,382.3,True
18:31:44,1462,12.61,227.3,0.0,46.201524,6.130335,382.3,True
18:31:44,1448,12.64,227.3,0.0,46.201524,6.130335,382.3,True
18:31:44,1474,12.68,227.3,0.0,46.201522,6.130334,382.5,True
18:31:44,1519,12.71,227.3,0.0,46.201522,6.130334,382.5,True
18:31:44,1581,12.75,227.8,0.0,46.201522,6.130334,382.5,True
18:31:44,1567,12.77,227.8,0.0,46.201522,6.130334,382.5,True
18:31:44,1533,12.79,227.8,0.0,46.201522,6.130334,382.5,True
18:31:44,1549,12.83,227.8,0.0,46.201522,6.130334,382.5,True
18:31:44,1545,12.81,227.8,0.0,46.201522,6.130334,382.5,True
18:31:45,1541,12.78,228.0,0.0,46.201522,6.130334,382.5,True
18:31:45,1485,12.78,228.0,0.0,46.201522,6.130334,382.5,True
18:31:45,1469,12.77,228.0,0.0,46.201522,6.130334,382.5,True
18:31:45,1521,12.71,228.0,0.0,46.201520,6.130334,382.7,True
18:31:45,1534,12.68,228.0,0.0,46.201520,6.130334,382.7,True
18:31:45,1494,12.67,226.5,0.0,46.201520,6.130334,382.7,True
18:31:45,1472,12.64,226.5,0.0,46.201520,6.130334,382.7,True
18:31:45,1432,12.61,226.5,0.0,46.201520,6.130334,382.7,True
18:31:45,1429,12.63,226.5,0.0,46.201520,6.130334,382.7,True
18:31:45,1398,12.64,226.5,0.0,46.201520,6.130334,382.7,True
18:31:46,1378,12.71,227.0,0.0,46.201520,6.130334,382.7,True
18:31:46,1357,12.74,227.0,0.0,46.201520,6.130334,382.7,True
18:31:46,1360,12.78,227.0,0.0,46.201520,6.130334,382.7,True
18:31:46,1349,12.81,227.0,0.0,46.201518,6.130334,382.8,True
18:31:46,1328,12.83,227.0,0.0,46.201518,6.130334,382.8,True
18:31:46,1309,12.88,225.8,0.0,46.201518,6.130334,382.8,True
18:31:46,1293,12.87,225.8,0.0,46.201518,6.130334,382.8,True
18:31:46,1303,12.84,225.8,0.0,46.201518,6.130334,382.8,True
18:31:46,1294,12.82,225.8,0.0,46.201518,6.130334,382.8,True
18:31:46,1300,12.85,225.8,0.0,46.201518,6.130334,382.8,True
18:31:46,1310,12.84,226.0,0.0,46.201518,6.130334,382.8,True
18:31:47,1366,12.87,226.0,0.0,46.201518,6.130334,382.8,True
18:31:47,1431,12.84,226.0,0.0,46.201518,6.130334,382.8,True
18:31:47,1438,12.87,226.0,0.0,46.201517,6.130334,383.0,True
18:31:47,1419,12.88,226.0,0.0,46.201517,6.130334,383.0,True
18:31:47,1428,12.87,225.5,0.0,46.201517,6.130334,383.0,True
18:31:47,1400,12.88,225.5,0.0,46.201517,6.130334,383.0,True
18:31:47,1400,12.90,225.5,0.0,46.201517,6.130334,383.0,True
18:31:47,1375,12.85,225.5,0.0,46.201517,6.130334,383.0,True
18:31:47,1403,12.82,225.5,0.0,46.201517,6.130334,383.0,True
18:31:47,1448,12.81,225.5,0.0,46.201517,6.130334,383.0,True
18:31:48,1450,12.79,225.5,0.0,46.201517,6.130334,383.0,True
18:31:48,1433,12.76,225.5,0.0,46.201517,6.130334,383.0,True
18:31:48,1437,12.75,225.5,0.0,46.201515,6.130334,383.1,True
18:31:48,1420,12.71,225.5,0.0,46.201515,6.130334,383.1,True
18:31:48,1422,12.68,226.3,0.0,46.201515,6.130334,383.1,True
18:31:48,1450,12.68,226.3,0.0,46.201515,6.130334,383.1,True
18:31:48,1442,12.67,226.3,0.0,46.201515,6.130334,383.1,True
18:31:48,1478,12.64,226.3,0.0,46.201515,6.130334,383.1,True
18:31:48,1497,12.64,226.3,0.0,46.201515,6.130334,383.1,True
18:31:49,1527,12.60,226.3,0.0,46.201515,6.130334,383.1,True
18:31:49,1493,12.59,226.3,0.0,46.201515,6.130334,383.1,True
18:31:49,1487,12.57,226.3,0.0,46.201515,6.130334,383.1,True
18:31:49,1493,12.55,226.3,0.0,46.201513,6.130333,383.2,True
18:31:49,1516,12.56,226.3,0.0,46.201513,6.130333,383.2,True
18:31:49,1471,12.57,226.3,0.0,46.201513,6.130333,383.2,True
18:31:49,1446,12.58,226.3,0.0,46.201513,6.130333,383.2,True
18:31:49,1418,12.56,226.3,0.0,46.201513,6.130333,383.2,True
18:31:49,1391,12.57,226.3,0.0,46.201513,6.130333,383.2,True
18:31:49,1396,12.58,226.3,0.0,46.201513,6.130333,383.2,True
18:31:49,1394,12.60,226.0,0.0,46.201513,6.130333,383.2,True
18:31:50,1406,12.59,226.0,0.0,46.201513,6.130333,383.2,True
18:31:50,1424,12.59,226.0,0.0,46.201513,6.130333,383.2,True
18:31:50,1436,12.60,226.0,0.0,46.201511,6.130333,383.4,True
18:31:50,1450,12.61,226.0,0.0,46.201511,6.130333,383.4,True
18:31:50,1447,12.63,226.3,0.0,46.201511,6.130333,383.4,True
18:31:50,1480,12.63,226.3,0.0,46.201511,6.130333,383.4,True
18:31:50,1480,12.65,226.3,0.0,46.201511,6.130333,383.4,True
18:31:50,1548,12.67,226.3,0.0,46.201511,6.130333,383.4,True
18:31:50,1528,12.68,226.3,0.0,46.201511,6.130333,383.4,True
18:31:51,1535,12.66,225.8,0.0,46.201511,6.130333,383.4,True
18:31:51,1505,12.64,225.8,0.0,46.201511,6.130333,383.4,True
18:31:51,1514,12.63,225.8,0.0,46.201511,6.130333,383.4,True
18:31:51,1495,12.62,225.8,0.0,46.201510,6.130334,383.5,True
18:31:51,1512,12.61,225.8,0.0,46.201510,6.130334,383.5,True
18:31:51,1532,12.63,225.0,0.0,46.201510,6.130334,383.5,True
18:31:51,1592,12.64,225.0,0.0,46.201510,6.130334,383.5,True
18:31:51,1559,12.65,225.0,0.0,46.201510,6.130334,383.5,True
18:31:51,1526,12.67,225.0,0.0,46.201510,6.130334,383.5,True
18:31:51,1491,12.71,225.0,0.0,46.201510,6.130334,383.5,True
18:31:52,1473,12.72,225.0,0.0,46.201510,6.130334,383.5,True
18:31:52,1439,12.76,225.0,0.0,46.201510,6.130334,383.5,True
18:31:52,1458,12.80,225.0,0.0,46.201510,6.130334,383.5,True
18:31:52,1446,12.82,225.0,0.0,46.201508,6.130334,383.7,True
18:31:52,1459,12.81,225.0,0.0,46.201508,6.130334,383.7,True
18:31:52,1433,12.79,225.3,0.0,46.201508,6.130334,383.7,True
18:31:52,1457,12.78,225.3,0.0,46.201508,6.130334,383.7,True
18:31:52,1478,12.77,225.3,0.0,46.201508,6.130334,383.7,True
18:31:52,1485,12.77,225.3,0.0,46.201508,6.130334,383.7,True
18:31:52,1496,12.76,225.3,0.0,46.201508,6.130334,383.7,True
18:31:53,1585,12.76,225.5,0.0,46.201508,6.130334,383.7,True
18:31:53,1554,12.72,225.5,0.0,46.201508,6.130334,383.7,True
18:31:53,1571,12.70,225.5,0.0,46.201508,6.130334,383.7,True
18:31:53,1610,12.69,225.5,0.0,46.201506,6.130334,383.9,True
18:31:53,1552,12.68,225.5,0.0,46.201506,6.130334,383.9,True
18:31:53,1497,12.67,225.0,0.0,46.201506,6.130334,383.9,True
18:31:53,1459,12.65,225.0,0.0,46.201506,6.130334,383.9,True
18:31:53,1452,12.64,225.0,0.0,46.201506,6.130334,383.9,True
18:31:53,1428,12.64,225.0,0.0,46.201506,6.130334,383.9,True
18:31:53,1427,12.64,225.0,0.0,46.201506,6.130334,383.9,True
18:31:54,1412,12.64,224.3,0.0,46.201506,6.130334,383.9,True
18:31:54,1415,12.62,224.3,0.0,46.201506,6.130334,383.9,True
18:31:54,1430,12.60,224.3,0.0,46.201506,6.130334,383.9,True
18:31:54,1430,12.65,224.3,0.0,46.201505,6.130335,384.0,True
18:31:54,1436,12.69,224.3,0.0,46.201505,6.130335,384.0,True
18:31:54,1424,12.72,224.5,0.0,46.201505,6.130335,384.0,True
18:31:54,1428,12.76,224.5,0.0,46.201505,6.130335,384.0,True
18:31:54,1451,12.79,224.5,0.0,46.201505,6.130335,384.0,True
18:31:54,1463,12.79,224.5,0.0,46.201505,6.130335,384.0,True
18:31:54,1486,12.78,224.5,0.0,46.201505,6.130335,384.0,True
18:31:54,1580,12.81,225.3,0.0,46.201505,6.130335,384.0,True
18:31:55,1548,12.85,225.3,0.0,46.201505,6.130335,384.0,True
18:31:55,1541,12.79,225.3,0.0,46.201505,6.130335,384.0,True
18:31:55,1499,12.75,225.3,0.0,46.201503,6.130335,384.2,True
18:31:55,1488,12.73,225.3,0.0,46.201503,6.130335,384.2,True
18:31:55,1456,12.72,225.0,0.0,46.201503,6.130335,384.2,True
18:31:55,1430,12.68,225.0,0.0,46.201503,6.130335,384.2,True
18:31:55,1408,12.67,225.0,0.0,46.201503,6.130335,384.2,True
18:31:55,1397,12.67,225.0,0.0,46.201503,6.130335,384.2,True
18:31:55,1386,12.64,225.0,0.0,46.201503,6.130335,384.2,True
18:31:56,1402,12.58,224.3,0.0,46.201503,6.130335,384.2,True
18:31:56,1447,12.56,224.3,0.0,46.201503,6.130335,384.2,True
18:31:56,1424,12.55,224.3,0.0,46.201503,6.130335,384.2,True
18:31:56,1428,12.56,224.3,0.0,46.201502,6.130336,384.3,True
18:31:56,1460,12.57,224.3,0.0,46.201502,6.130336,384.3,True
18:31:56,1459,12.58,224.5,0.0,46.201502,6.130336,384.3,True
18:31:56,1469,12.62,224.5,0.0,46.201502,6.130336,384.3,True
18:31:56,1467,12.68,224.5,0.0,46.201502,6.130336,384.3,True
18:31:56,1461,12.72,224.5,0.0,46.201502,6.130336,384.3,True
18:31:56,1450,12.75,224.5,0.0,46.201502,6.130336,384.3,True
18:31:56,1453,12.82,224.0,0.0,46.201502,6.130336,384.3,True
18:31:57,1436,12.84,224.0,0.0,46.201502,6.130336,384.3,True
18:31:57,1508,12.82,224.0,0.0,46.201502,6.130336,384.3,True
18:31:57,1467,12.78,224.0,0.0,46.201500,6.130337,384.5,True
18:31:57,1427,12.73,224.0,0.0,46.201500,6.130337,384.5,True
18:31:57,1402,12.72,224.5,0.0,46.201500,6.130337,384.5,True
18:31:57,1375,12.69,224.5,0.0,46.201500,6.130337,384.5,True
18:31:57,1388,12.67,224.5,0.0,46.201500,6.130337,384.5,True
18:31:57,1425,12.66,224.5,0.0,46.201500,6.130337,384.5,True
18:31:57,1463,12.65,224.5,0.0,46.201500,6.130337,384.5,True
18:31:57,1482,12.64,223.5,0.0,46.201500,6.130337,384.5,True
18:31:58,1451,12.66,223.5,0.0,46.201500,6.130337,384.5,True
18:31:58,1424,12.67,223.5,0.0,46.201500,6.130337,384.5,True
18:31:58,1508,12.66,223.5,0.0,46.201498,6.130338,384.6,True
18:31:58,1470,12.71,223.5,0.0,46.201498,6.130338,384.6,True
18:31:58,1514,12.74,223.0,0.0,46.201498,6.130338,384.6,True
18:31:58,1473,12.80,223.0,0.0,46.201498,6.130338,384.6,True
18:31:58,1524,12.80,223.0,0.0,46.201498,6.130338,384.6,True
18:31:58,1489,12.81,223.0,0.0,46.201498,6.130338,384.6,True
18:31:58,1579,12.82,223.0,0.0,46.201498,6.130338,384.6,True
18:31:58,1600,12.80,222.5,0.0,46.201498,6.130338,384.6,True
18:31:59,1615,12.77,222.5,0.0,46.201498,6.130338,384.6,True
18:31:59,1606,12.76,222.5,0.0,46.201498,6.130338,384.6,True
18:31:59,1591,12.76,222.5,0.0,46.201497,6.130339,384.8,True
18:31:59,1549,12.75,222.5,0.0,46.201497,6.130339,384.8,True
18:31:59,1522,12.77,223.0,0.0,46.201497,6.130339,384.8,True
18:31:59,1495,12.76,223.0,0.0,46.201497,6.130339,384.8,True
18:31:59,1538,12.76,223.0,0.0,46.201497,6.130339,384.8,True
18:31:59,1587,12.73,223.0,0.0,46.201497,6.130339,384.8,True
18:31:59,1585,12.71,223.0,0.0,46.201497,6.130339,384.8,True
18:31:59,1549,12.69,222.5,0.0,46.201497,6.130339,384.8,True
18:32:00,1601,12.67,222.5,0.0,46.201497,6.130339,384.8,True
18:32:00,1547,12.64,222.5,0.0,46.201497,6.130339,384.8,True
18:32:00,1538,12.64,222.5,0.0,46.201495,6.130339,384.9,True
18:32:00,1564,12.64,222.5,0.0,46.201495,6.130339,384.9,True
18:32:00,1569,12.64,222.0,0.0,46.201495,6.130339,384.9,True
18:32:00,1569,12.63,222.0,0.0,46.201495,6.130339,384.9,True
18:32:00,1522,12.62,222.0,0.0,46.201495,6.130339,384.9,True
18:32:00,1558,12.63,222.0,0.0,46.201495,6.130339,384.9,True
18:32:00,1568,12.60,222.0,0.0,46.201495,6.130339,384.9,True
18:32:00,1527,12.63,221.0,0.0,46.201495,6.130339,384.9,True
18:32:01,1539,12.65,221.0,0.0,46.201495,6.130339,384.9,True
18:32:01,1501,12.66,221.0,0.0,46.201495,6.130339,384.9,True
18:32:01,1504,12.74,221.0,0.0,46.201494,6.130340,385.0,True
18:32:01,1452,12.83,221.0,0.0,46.201494,6.130340,385.0,True
18:32:01,1421,12.91,221.3,0.0,46.201494,6.130340,385.0,True
18:32:01,1387,12.96,221.3,0.0,46.201494,6.130340,385.0,True
18:32:01,1357,12.96,221.3,0.0,46.201494,6.130340,385.0,True
18:32:01,1375,12.98,221.3,0.0,46.201494,6.130340,385.0,True
18:32:01,1364,12.97,221.3,0.0,46.201494,6.130340,385.0,True
18:32:01,1348,12.96,221.5,0.0,46.201494,6.130340,385.0,True
18:32:02,1449,12.97,221.5,0.0,46.201494,6.130340,385.0,True
18:32:02,1430,12.92,221.5,0.0,46.201494,6.130340,385.0,True
18:32:02,1455,12.89,221.5,0.0,46.201492,6.130341,385.1,True
18:32:02,1518,12.86,221.5,0.0,46.201492,6.130341,385.1,True
18:32:02,1498,12.88,221.0,0.0,46.201492,6.130341,385.1,True
18:32:02,1468,12.89,221.0,0.0,46.201492,6.130341,385.1,True
18:32:02,1465,12.90,221.0,0.0,46.201492,6.130341,385.1,True
18:32:02,1440,12.90,221.0,0.0,46.201492,6.130341,385.1,True
18:32:02,1441,12.91,221.0,0.0,46.201492,6.130341,385.1,True
18:32:02,1427,12.93,220.8,0.0,46.201492,6.130341,385.1,True
18:32:03,1460,12.93,220.8,0.0,46.201492,6.130341,385.1,True
18:32:03,1460,12.93,220.8,0.0,46.201492,6.130341,385.1,True
18:32:03,1511,12.92,220.8,0.0,46.201492,6.130341,385.2,True
18:32:03,1544,12.86,220.8,0.0,46.201492,6.130341,385.2,True
18:32:03,1555,12.81,221.8,0.0,46.201492,6.130341,385.2,True
18:32:03,1524,12.80,221.8,0.0,46.201492,6.130341,385.2,True
18:32:03,1503,12.76,221.8,0.0,46.201492,6.130341,385.2,True
18:32:03,1472,12.73,221.8,0.0,46.201492,6.130341,385.2,True
18:32:03,1522,12.73,221.8,0.0,46.201492,6.130341,385.2,True
18:32:03,1508,12.74,221.8,0.0,46.201492,6.130341,385.2,True
18:32:04,1499,12.72,221.8,0.0,46.201492,6.130341,385.2,True
18:32:04,1461,12.67,221.8,0.0,46.201492,6.130341,385.2,True
18:32:04,1468,12.68,221.8,0.0,46.201493,6.130340,385.5,True
18:32:04,1455,12.71,221.8,0.0,46.201493,6.130340,385.5,True
18:32:04,1458,12.69,221.0,0.0,46.201493,6.130340,385.5,True
18:32:04,1480,12.70,221.0,0.0,46.201493,6.130340,385.5,True
18:32:04,1474,12.71,221.0,0.0,46.201493,6.130340,385.5,True
18:32:04,1454,12.71,221.0,0.0,46.201493,6.130340,385.5,True
18:32:04,1452,12.75,221.0,0.0,46.201493,6.130340,385.5,True
18:32:04,1495,12.77,220.5,0.0,46.201493,6.130340,385.5,True
18:32:05,1484,12.75,220.5,0.0,46.201493,6.130340,385.5,True
18:32:05,1501,12.69,220.5,0.0,46.201493,6.130340,385.5,True
18:32:05,1465,12.70,220.5,0.0,46.201494,6.130339,385.7,True
18:32:05,1433,12.70,220.5,0.0,46.201494,6.130339,385.7,True
18:32:05,1462,12.73,219.3,0.0,46.201494,6.130339,385.7,True
18:32:05,1444,12.73,219.3,0.0,46.201494,6.130339,385.7,True
18:32:05,1461,12.78,219.3,0.0,46.201494,6.130339,385.7,True
18:32:05,1421,12.82,219.3,0.0,46.201494,6.130339,385.7,True
18:32:05,1385,12.85,219.3,0.0,46.201494,6.130339,385.7,True
18:32:05,1367,12.89,218.3,0.0,46.201494,6.130339,385.7,True
18:32:06,1338,12.92,218.3,0.0,46.201494,6.130339,385.7,True
18:32:06,1344,12.90,218.3,0.0,46.201494,6.130339,385.7,True
18:32:06,1328,12.93,218.3,0.0,46.201495,6.130339,385.9,True
18:32:06,1383,13.00,218.3,0.0,46.201495,6.130339,385.9,True
18:32:06,1362,13.07,218.0,0.0,46.201495,6.130339,385.9,True
18:32:06,1369,13.10,218.0,0.0,46.201495,6.130339,385.9,True
18:32:06,1361,13.15,218.0,0.0,46.201495,6.130339,385.9,True
18:32:06,1361,13.20,218.0,0.0,46.201495,6.130339,385.9,True
18:32:06,1346,13.21,218.0,0.0,46.201495,6.130339,385.9,True
18:32:06,1347,13.20,218.8,0.0,46.201495,6.130339,385.9,True
18:32:07,1333,13.22,218.8,0.0,46.201495,6.130339,385.9,True
18:32:07,1388,13.18,218.8,0.0,46.201495,6.130339,385.9,True
18:32:07,1542,13.16,218.8,0.0,46.201495,6.130338,386.1,True
18:32:07,1883,13.13,218.8,0.0,46.201495,6.130338,386.1,True
18:32:07,2350,13.09,219.5,0.0,46.201495,6.130338,386.1,True
18:32:07,2790,13.06,219.5,0.0,46.201495,6.130338,386.1,True
18:32:07,3111,13.04,219.5,0.0,46.201495,6.130338,386.1,True
18:32:07,3258,12.96,219.5,0.0,46.201495,6.130338,386.1,True
18:32:07,3228,12.90,219.5,0.0,46.201495,6.130338,386.1,True
18:32:07,3072,12.86,227.5,0.0,46.201495,6.130338,386.1,True
18:32:08,2884,13.43,227.5,0.0,46.201495,6.130338,386.1,True
18:32:08,2684,13.91,227.5,0.0,46.201495,6.130338,386.1,True
18:32:08,2550,14.35,227.5,0.0,46.201496,6.130338,386.2,True
18:32:08,2640,14.85,227.5,0.0,46.201496,6.130338,386.2,True
18:32:08,2829,15.26,229.5,0.0,46.201496,6.130338,386.2,True
18:32:08,3095,15.59,229.5,0.0,46.201496,6.130338,386.2,True
18:32:08,3228,15.68,229.5,0.0,46.201496,6.130338,386.2,True
18:32:08,3406,15.75,229.5,0.0,46.201496,6.130338,386.2,True
18:32:08,3627,15.80,229.5,0.0,46.201496,6.130338,386.2,True
18:32:08,3799,16.10,249.5,0.0,46.201496,6.130338,386.2,True
18:32:09,3918,16.34,249.5,0.0,46.201496,6.130338,386.2,True
18:32:09,3855,16.58,249.5,0.0,46.201496,6.130338,386.2,True
18:32:09,3676,16.14,249.5,0.0,46.201496,6.130337,386.4,True
18:32:09,3507,15.77,249.5,0.0,46.201496,6.130337,386.4,True
18:32:09,3366,15.44,265.0,0.0,46.201496,6.130337,386.4,True
18:32:09,3299,15.07,265.0,0.0,46.201496,6.130337,386.4,True
18:32:09,3212,14.74,265.0,0.0,46.201496,6.130337,386.4,True
18:32:09,3151,14.56,265.0,0.0,46.201496,6.130337,386.4,True
18:32:09,3168,14.47,265.0,0.0,46.201496,6.130337,386.4,True
18:32:09,3286,14.36,273.5,0.0,46.201496,6.130337,386.4,True
18:32:10,3418,14.45,273.5,0.0,46.201496,6.130337,386.4,True
18:32:10,3439,14.52,273.5,0.0,46.201496,6.130337,386.4,True
18:32:10,3530,14.57,273.5,0.0,46.201496,6.130337,386.6,True
18:32:10,3674,14.52,273.5,0.0,46.201496,6.130337,386.6,True
18:32:10,3721,14.47,287.5,0.0,46.201496,6.130337,386.6,True
18:32:10,3771,14.42,287.5,0.0,46.201496,6.130337,386.6,True
18:32:10,3899,14.14,287.5,0.0,46.201496,6.130337,386.6,True
18:32:10,3862,13.91,287.5,0.0,46.201496,6.130337,386.6,True
18:32:10,3696,13.70,287.5,0.0,46.201496,6.130337,386.6,True
18:32:10,3535,13.51,282.0,0.0,46.201496,6.130337,386.6,True
18:32:11,3375,13.33,282.0,0.0,46.201496,6.130337,386.6,True
18:32:11,3220,13.19,282.0,0.0,46.201496,6.130337,386.6,True
18:32:11,3071,13.07,282.0,0.0,46.201496,6.130336,386.7,True
18:32:11,2930,12.99,282.0,0.0,46.201496,6.130336,386.7,True
18:32:11,2810,12.89,272.0,0.0,46.201496,6.130336,386.7,True
18:32:11,2728,13.12,272.0,0.0,46.201496,6.130336,386.7,True
18:32:11,2662,13.30,272.0,0.0,46.201496,6.130336,386.7,True
18:32:11,2604,13.48,272.0,0.0,46.201496,6.130336,386.7,True
18:32:11,2555,13.73,272.0,0.0,46.201496,6.130336,386.7,True
18:32:12,2516,13.95,265.2,0.0,46.201496,6.130336,386.7,True
18:32:12,2470,14.13,265.2,0.0,46.201496,6.130336,386.7,True
18:32:12,2438,14.29,265.2,0.0,46.201496,6.130336,386.7,True
18:32:12,2417,14.41,265.2,6.4,46.201485,6.130321,386.4,True
18:32:12,2403,14.54,265.2,6.4,46.201485,6.130321,386.4,True
18:32:12,2392,14.58,260.7,6.4,46.201485,6.130321,386.4,True
18:32:12,2402,14.59,260.7,6.4,46.201485,6.130321,386.4,True
18:32:12,2362,14.58,260.7,6.4,46.201485,6.130321,386.4,True
18:32:12,2368,14.61,260.7,6.4,46.201485,6.130321,386.4,True
18:32:12,2425,14.63,260.7,6.4,46.201485,6.130321,386.4,True
18:32:13,2434,14.64,258.0,6.4,46.201485,6.130321,386.4,True
18:32:13,2460,14.61,258.0,6.4,46.201485,6.130321,386.4,True
18:32:13,2382,14.59,258.0,6.4,46.201485,6.130321,386.4,True
18:32:13,2394,14.58,258.0,18.1,46.201442,6.130297,385.9,True
18:32:13,2348,14.51,258.0,18.1,46.201442,6.130297,385.9,True
18:32:13,2332,14.45,255.8,18.1,46.201442,6.130297,385.9,True
18:32:13,2284,14.42,255.8,18.1,46.201442,6.130297,385.9,True
18:32:13,2327,14.35,255.8,18.1,46.201442,6.130297,385.9,True
18:32:13,2287,14.28,255.8,18.1,46.201442,6.130297,385.9,True
18:32:13,2256,14.22,255.8,18.1,46.201442,6.130297,385.9,True
18:32:14,2241,14.15,257.0,18.1,46.201442,6.130297,385.9,True
18:32:14,2280,14.07,257.0,18.1,46.201442,6.130297,385.9,True
18:32:14,2363,14.00,257.0,18.1,46.201442,6.130297,385.9,True
18:32:14,2526,13.80,257.0,19.3,46.201395,6.130297,385.3,True
18:32:14,2678,13.62,257.0,19.3,46.201395,6.130297,385.3,True
18:32:14,2655,13.48,268.2,19.3,46.201395,6.130297,385.3,True
18:32:14,2649,13.78,268.2,19.3,46.201395,6.130297,385.3,True
18:32:14,2651,14.00,268.2,19.3,46.201395,6.130297,385.3,True
18:32:14,2666,14.62,268.2,19.3,46.201395,6.130297,385.3,True
18:32:14,2723,15.15,268.2,19.3,46.201395,6.130297,385.3,True
18:32:15,2822,15.56,276.2,19.3,46.201395,6.130297,385.3,True
18:32:15,2837,15.50,276.2,19.3,46.201395,6.130297,385.3,True
18:32:15,2870,15.43,276.2,19.3,46.201395,6.130297,385.3,True
18:32:15,2906,15.35,276.2,18.7,46.201358,6.130334,384.5,True
18:32:15,3003,15.26,276.2,18.7,46.201358,6.130334,384.5,True
18:32:15,3128,15.18,283.0,18.7,46.201358,6.130334,384.5,True
18:32:15,3294,15.13,283.0,18.7,46.201358,6.130334,384.5,True
18:32:15,3370,14.91,283.0,18.7,46.201358,6.130334,384.5,True
18:32:15,3421,14.73,283.0,18.7,46.201358,6.130334,384.5,True
18:32:15,3632,14.60,283.0,18.7,46.201358,6.130334,384.5,True
18:32:16,3782,14.40,292.7,18.7,46.201358,6.130334,384.5,True
18:32:16,3806,14.27,292.7,18.7,46.201358,6.130334,384.5,True
18:32:16,3760,14.15,292.7,18.7,46.201358,6.130334,384.5,True
18:32:16,3743,14.26,292.7,20.0,46.201330,6.130390,383.8,True
18:32:16,3831,14.33,292.7,20.0,46.201330,6.130390,383.8,True
18:32:16,3842,14.40,310.7,20.0,46.201330,6.130390,383.8,True
18:32:16,4034,14.39,310.7,20.0,46.201330,6.130390,383.8,True
18:32:16,4053,14.39,310.7,20.0,46.201330,6.130390,383.8,True
18:32:16,4094,14.39,310.7,20.0,46.201330,6.130390,383.8,True
18:32:16,4190,14.52,310.7,20.0,46.201330,6.130390,383.8,True
18:32:17,4334,14.63,332.5,20.0,46.201330,6.130390,383.8,True
18:32:17,4423,14.70,332.5,20.0,46.201330,6.130390,383.8,True
18:32:17,4435,14.61,332.5,20.0,46.201330,6.130390,383.8,True
18:32:17,4403,14.53,332.5,17.0,46.201304,6.130447,383.3,True
18:32:17,4341,14.47,332.5,17.0,46.201304,6.130447,383.3,True
18:32:17,4255,14.18,343.7,17.0,46.201304,6.130447,383.3,True
18:32:17,4152,13.94,343.7,17.0,46.201304,6.130447,383.3,True
18:32:17,4034,13.75,343.7,17.0,46.201304,6.130447,383.3,True
18:32:17,3944,13.34,343.7,17.0,46.201304,6.130447,383.3,True
18:32:17,3970,12.96,343.7,17.0,46.201304,6.130447,383.3,True
18:32:18,4018,12.68,329.5,17.0,46.201304,6.130447,383.3,True
18:32:18,3867,12.44,329.5,17.0,46.201304,6.130447,383.3,True
18:32:18,3680,12.24,329.5,17.0,46.201304,6.130447,383.3,True
18:32:18,3534,12.06,329.5,18.3,46.201278,6.130502,384.4,True
18:32:18,3442,12.43,329.5,18.3,46.201278,6.130502,384.4,True
18:32:18,3459,12.73,317.5,18.3,46.201278,6.130502,384.4,True
18:32:18,3379,13.01,317.5,18.3,46.201278,6.130502,384.4,True
18:32:18,3405,13.06,317.5,18.3,46.201278,6.130502,384.4,True
18:32:18,3547,13.10,317.5,18.3,46.201278,6.130502,384.4,True
18:32:18,3669,13.15,317.5,18.3,46.201278,6.130502,384.4,True
18:32:19,3738,12.99,328.7,18.3,46.201278,6.130502,384.4,True
18:32:19,3850,12.86,328.7,18.3,46.201278,6.130502,384.4,True
18:32:19,3939,12.75,328.7,18.3,46.201278,6.130502,384.4,True
18:32:19,4028,13.51,328.7,20.6,46.201250,6.130564,384.6,True
18:32:19,4152,14.11,328.7,20.6,46.201250,6.130564,384.6,True
18:32:19,4221,14.45,345.2,20.6,46.201250,6.130564,384.6,True
18:32:19,4201,14.74,345.2,20.6,46.201250,6.130564,384.6,True
18:32:19,4078,14.99,345.2,20.6,46.201250,6.130564,384.6,True
18:32:19,3989,15.00,345.2,20.6,46.201250,6.130564,384.6,True
18:32:19,3929,14.97,345.2,20.6,46.201250,6.130564,384.6,True
18:32:20,3934,14.98,360.2,20.6,46.201250,6.130564,384.6,True
18:32:20,3946,14.98,360.2,20.6,46.201250,6.130564,384.6,True
18:32:20,3927,14.98,360.2,20.6,46.201250,6.130564,384.6,True
18:32:20,3923,14.99,360.2,22.4,46.201224,6.130637,384.7,True
18:32:20,3929,14.87,360.2,22.4,46.201224,6.130637,384.7,True
18:32:20,3943,14.78,374.2,22.4,46.201224,6.130637,384.7,True
18:32:20,3967,14.68,374.2,22.4,46.201224,6.130637,384.7,True
18:32:20,4036,14.54,374.2,22.4,46.201224,6.130637,384.7,True
18:32:20,4062,14.41,374.2,22.4,46.201224,6.130637,384.7,True
18:32:20,4091,14.27,374.2,22.4,46.201224,6.130637,384.7,True
18:32:21,4161,14.18,388.2,22.4,46.201224,6.130637,384.7,True
18:32:21,4159,14.09,388.2,22.4,46.201224,6.130637,384.7,True
18:32:21,4168,14.01,388.2,22.4,46.201224,6.130637,384.7,True
18:32:21,4166,13.75,388.2,23.6,46.201206,6.130724,384.5,True
18:32:21,4157,13.59,388.2,23.6,46.201206,6.130724,384.5,True
18:32:21,4147,13.45,384.7,23.6,46.201206,6.130724,384.5,True
18:32:21,4174,13.14,384.7,23.6,46.201206,6.130724,384.5,True
18:32:21,4152,12.88,384.7,23.6,46.201206,6.130724,384.5,True
18:32:21,4210,12.66,384.7,23.6,46.201206,6.130724,384.5,True
18:32:21,4172,12.52,384.7,23.6,46.201206,6.130724,384.5,True
18:32:22,4136,12.39,369.2,23.6,46.201206,6.130724,384.5,True
18:32:22,4184,12.28,369.2,23.6,46.201206,6.130724,384.5,True
18:32:22,4179,12.39,369.2,23.6,46.201206,6.130724,384.5,True
18:32:22,4079,12.49,369.2,24.9,46.201186,6.130809,384.0,True
18:32:22,3980,12.56,369.2,24.9,46.201186,6.130809,384.0,True
18:32:22,3974,12.91,357.7,24.9,46.201186,6.130809,384.0,True
18:32:22,3964,13.19,357.7,24.9,46.201186,6.130809,384.0,True
18:32:22,4022,13.43,357.7,24.9,46.201186,6.130809,384.0,True
18:32:22,3954,13.82,357.7,24.9,46.201186,6.130809,384.0,True
18:32:22,3750,14.13,357.7,24.9,46.201186,6.130809,384.0,True
18:32:23,3560,14.39,347.5,24.9,46.201186,6.130809,384.0,True
18:32:23,3381,14.27,347.5,24.9,46.201186,6.130809,384.0,True
18:32:23,3217,14.17,347.5,24.9,46.201186,6.130809,384.0,True
18:32:23,3066,14.06,347.5,27.0,46.201172,6.130909,382.8,True
18:32:23,0,0.00,0.0,27.0,46.201172,6.130909,382.8,True
18:32:23,522,12.92,347.5,27.0,46.201172,6.130909,382.8,True
18:32:23,1246,12.89,337.7,27.0,46.201172,6.130909,382.8,True
18:32:23,1881,12.92,337.7,27.0,46.201172,6.130909,382.8,True
18:32:23,2369,12.86,337.7,27.0,46.201172,6.130909,382.8,True
18:32:23,2588,12.81,337.7,27.0,46.201172,6.130909,382.8,True
18:32:24,2655,12.80,337.7,27.0,46.201172,6.130909,382.8,True
18:32:24,2684,13.02,330.0,27.0,46.201172,6.130909,382.8,True
18:32:24,2685,13.21,330.0,27.0,46.201172,6.130909,382.8,True
18:32:24,2682,13.42,330.0,26.6,46.201171,6.131018,380.8,True
18:32:24,2704,13.57,330.0,26.6,46.201171,6.131018,380.8,True
18:32:24,2672,13.71,330.0,26.6,46.201171,6.131018,380.8,True
18:32:24,2612,13.90,323.0,26.6,46.201171,6.131018,380.8,True
18:32:24,2601,14.08,323.0,26.6,46.201171,6.131018,380.8,True
18:32:24,2522,14.20,323.0,26.6,46.201171,6.131018,380.8,True
18:32:24,2480,14.28,323.0,26.6,46.201171,6.131018,380.8,True
18:32:25,2472,14.40,323.0,26.6,46.201171,6.131018,380.8,True
18:32:25,2377,14.49,318.2,26.6,46.201171,6.131018,380.8,True
18:32:25,2287,14.50,318.2,26.6,46.201171,6.131018,380.8,True
18:32:25,2205,14.54,318.2,20.9,46.201161,6.131097,379.9,True
18:32:25,2161,14.57,318.2,20.9,46.201161,6.131097,379.9,True
18:32:25,2069,14.45,318.2,20.9,46.201161,6.131097,379.9,True
18:32:25,1980,14.35,315.7,20.9,46.201161,6.131097,379.9,True
18:32:25,1907,14.23,315.7,20.9,46.201161,6.131097,379.9,True
18:32:25,1830,14.18,315.7,20.9,46.201161,6.131097,379.9,True
18:32:25,1806,14.13,315.7,20.9,46.201161,6.131097,379.9,True
18:32:26,1828,14.12,315.7,20.9,46.201161,6.131097,379.9,True
18:32:26,1786,14.04,311.0,20.9,46.201161,6.131097,379.9,True
18:32:26,1760,13.97,311.0,20.9,46.201161,6.131097,379.9,True
18:32:26,1758,13.90,311.0,15.8,46.201161,6.131166,379.4,True
18:32:26,1751,13.81,311.0,15.8,46.201161,6.131166,379.4,True
18:32:26,1768,13.75,311.0,15.8,46.201161,6.131166,379.4,True
18:32:26,1705,13.71,307.7,15.8,46.201161,6.131166,379.4,True
18:32:26,1645,13.72,307.7,15.8,46.201161,6.131166,379.4,True
18:32:26,1583,13.72,307.7,15.8,46.201161,6.131166,379.4,True
18:32:26,1537,13.70,307.7,15.8,46.201161,6.131166,379.4,True
18:32:27,1569,13.69,307.7,15.8,46.201161,6.131166,379.4,True
18:32:27,1563,13.66,303.7,15.8,46.201161,6.131166,379.4,True
18:32:27,1512,13.66,303.7,15.8,46.201161,6.131166,379.4,True
18:32:27,1565,13.57,303.7,13.3,46.201174,6.131219,379.2,True
18:32:27,1596,13.46,303.7,13.3,46.201174,6.131219,379.2,True
18:32:27,1577,13.39,303.7,13.3,46.201174,6.131219,379.2,True
18:32:27,1582,13.29,301.7,13.3,46.201174,6.131219,379.2,True
18:32:27,1613,13.22,301.7,13.3,46.201174,6.131219,379.2,True
18:32:27,1637,13.12,301.7,13.3,46.201174,6.131219,379.2,True
18:32:27,1568,13.06,301.7,13.3,46.201174,6.131219,379.2,True
18:32:28,1566,13.01,301.7,13.3,46.201174,6.131219,379.2,True
18:32:28,1545,12.97,299.2,13.3,46.201174,6.131219,379.2,True
18:32:28,1573,12.92,299.2,13.3,46.201174,6.131219,379.2,True
18:32:28,1565,12.90,299.2,8.7,46.201186,6.131263,378.2,True
18:32:28,1557,12.88,299.2,8.7,46.201186,6.131263,378.2,True
18:32:28,1515,12.86,299.2,8.7,46.201186,6.131263,378.2,True
18:32:28,1477,12.83,295.2,8.7,46.201186,6.131263,378.2,True
18:32:28,1449,12.77,295.2,8.7,46.201186,6.131263,378.2,True
18:32:28,1432,12.73,295.2,8.7,46.201186,6.131263,378.2,True
18:32:28,1407,12.72,295.2,8.7,46.201186,6.131263,378.2,True
18:32:29,1407,12.70,295.2,8.7,46.201186,6.131263,378.2,True
18:32:29,1388,12.68,293.2,8.7,46.201186,6.131263,378.2,True
18:32:29,1477,12.63,293.2,8.7,46.201186,6.131263,378.2,True
18:32:29,1452,12.70,293.2,0.7,46.201191,6.131284,377.2,True
18:32:29,1458,12.75,293.2,0.7,46.201191,6.131284,377.2,True
18:32:29,1445,12.83,293.2,0.7,46.201191,6.131284,377.2,True
18:32:29,1538,12.86,291.2,0.7,46.201191,6.131284,377.2,True
18:32:29,1542,12.89,291.2,0.7,46.201191,6.131284,377.2,True
18:32:29,1539,12.92,291.2,0.7,46.201191,6.131284,377.2,True
18:32:29,1501,12.94,291.2,0.7,46.201191,6.131284,377.2,True
18:32:29,1492,12.92,291.2,0.7,46.201191,6.131284,377.2,True
18:32:30,1467,12.90,290.0,0.7,46.201191,6.131284,377.2,True
18:32:30,1459,12.86,290.0,0.7,46.201191,6.131284,377.2,True
18:32:30,1468,12.83,290.0,0.0,46.201193,6.131292,377.6,True
18:32:30,1488,12.77,290.0,0.0,46.201193,6.131292,377.6,True
18:32:30,1555,12.71,290.0,0.0,46.201193,6.131292,377.6,True
18:32:30,1545,12.70,288.2,0.0,46.201193,6.131292,377.6,True
18:32:30,1583,12.67,288.2,0.0,46.201193,6.131292,377.6,True
18:32:30,1546,12.61,288.2,0.0,46.201193,6.131292,377.6,True
18:32:30,1496,12.58,288.2,0.0,46.201193,6.131292,377.6,True
18:32:30,1470,12.55,288.2,0.0,46.201193,6.131292,377.6,True
18:32:31,1445,12.52,286.2,0.0,46.201193,6.131292,377.6,True
18:32:31,1409,12.51,286.2,0.0,46.201193,6.131292,377.6,True
18:32:31,1419,12.48,286.2,0.0,46.201187,6.131294,372.7,True
18:32:31,1413,12.43,286.2,0.0,46.201187,6.131294,372.7,True
18:32:31,1422,12.43,286.2,0.0,46.201187,6.131294,372.7,True
18:32:31,1395,12.43,283.5,0.0,46.201187,6.131294,372.7,True
18:32:31,1379,12.43,283.5,0.0,46.201187,6.131294,372.7,True
18:32:31,1365,12.37,283.5,0.0,46.201187,6.131294,372.7,True
18:32:31,1367,12.36,283.5,0.0,46.201187,6.131294,372.7,True
18:32:31,1390,12.36,283.5,0.0,46.201187,6.131294,372.7,True
18:32:32,1380,12.36,282.0,0.0,46.201187,6.131294,372.7,True
18:32:32,1363,12.36,282.0,0.0,46.201187,6.131294,372.7,True
18:32:32,1343,12.43,282.0,0.0,46.201186,6.131298,372.6,True
18:32:32,1396,12.48,282.0,0.0,46.201186,6.131298,372.6,True
18:32:32,1458,12.51,282.0,0.0,46.201186,6.131298,372.6,True
18:32:32,1508,12.50,280.2,0.0,46.201186,6.131298,372.6,True
18:32:32,1560,12.49,280.2,0.0,46.201186,6.131298,372.6,True
18:32:32,1600,12.48,280.2,0.0,46.201186,6.131298,372.6,True
18:32:32,1544,12.45,280.2,0.0,46.201186,6.131298,372.6,True
18:32:33,1588,12.40,280.2,0.0,46.201186,6.131298,372.6,True
18:32:33,1598,12.35,278.2,0.0,46.201186,6.131298,372.6,True
18:32:33,1596,12.34,278.2,0.0,46.201186,6.131298,372.6,True
18:32:33,1562,12.34,278.2,0.9,46.201182,6.131301,372.8,True
18:32:33,1637,12.31,278.2,0.9,46.201182,6.131301,372.8,True
18:32:33,1635,12.33,278.2,0.9,46.201182,6.131301,372.8,True
18:32:33,1700,12.33,276.2,0.9,46.201182,6.131301,372.8,True
18:32:33,1651,12.35,276.2,0.9,46.201182,6.131301,372.8,True
18:32:33,1616,12.33,276.2,0.9,46.201182,6.131301,372.8,True
18:32:33,1578,12.34,276.2,0.9,46.201182,6.131301,372.8,True
18:32:34,1627,12.38,276.2,0.9,46.201182,6.131301,372.8,True
18:32:34,1590,12.42,274.7,0.9,46.201182,6.131301,372.8,True
18:32:34,1580,12.43,274.7,0.9,46.201182,6.131301,372.8,True
18:32:34,1561,12.39,274.7,0.6,46.201181,6.131307,373.0,True
18:32:34,1553,12.41,274.7,0.6,46.201181,6.131307,373.0,True
18:32:34,1540,12.38,274.7,0.6,46.201181,6.131307,373.0,True
18:32:34,1546,12.44,273.5,0.6,46.201181,6.131307,373.0,True
18:32:34,1569,12.44,273.5,0.6,46.201181,6.131307,373.0,True
18:32:34,1620,12.47,273.5,0.6,46.201181,6.131307,373.0,True
18:32:34,1622,12.53,273.5,0.6,46.201181,6.131307,373.0,True
18:32:35,1605,12.60,273.5,0.6,46.201181,6.131307,373.0,True
18:32:35,1584,12.64,271.5,0.6,46.201181,6.131307,373.0,True
18:32:35,1588,12.61,271.5,0.6,46.201181,6.131307,373.0,True
18:32:35,1620,12.60,271.5,1.1,46.201178,6.131313,373.3,True
18:32:35,1603,12.60,271.5,1.1,46.201178,6.131313,373.3,True
18:32:35,1620,12.59,271.5,1.1,46.201178,6.131313,373.3,True
18:32:35,1664,12.59,269.7,1.1,46.201178,6.131313,373.3,True
18:32:35,1699,12.54,269.7,1.1,46.201178,6.131313,373.3,True
18:32:35,1672,12.57,269.7,1.1,46.201178,6.131313,373.3,True
18:32:35,1613,12.60,269.7,1.1,46.201178,6.131313,373.3,True
18:32:35,1568,12.63,269.7,1.1,46.201178,6.131313,373.3,True
18:32:36,1548,12.64,268.0,1.1,46.201178,6.131313,373.3,True
18:32:36,1520,12.61,268.0,1.1,46.201178,6.131313,373.3,True
18:32:36,1511,12.63,268.0,0.0,46.201176,6.131317,373.4,True
18:32:36,1486,12.65,268.0,0.0,46.201176,6.131317,373.4,True
18:32:36,1529,12.63,268.0,0.0,46.201176,6.131317,373.4,True
18:32:36,1540,12.63,266.0,0.0,46.201176,6.131317,373.4,True
18:32:36,1554,12.71,266.0,0.0,46.201176,6.131317,373.4,True
18:32:36,1539,12.76,266.0,0.0,46.201176,6.131317,373.4,True
18:32:36,1538,12.80,266.0,0.0,46.201176,6.131317,373.4,True
18:32:37,1518,12.81,266.0,0.0,46.201176,6.131317,373.4,True
18:32:37,1517,12.82,265.0,0.0,46.201176,6.131317,373.4,True
18:32:37,1504,12.87,265.0,0.0,46.201176,6.131317,373.4,True
18:32:37,1560,12.90,265.0,0.0,46.201175,6.131322,373.5,True
18:32:37,1672,12.87,265.0,0.0,46.201175,6.131322,373.5,True
18:32:37,1658,12.88,265.0,0.0,46.201175,6.131322,373.5,True
18:32:37,1625,12.86,263.5,0.0,46.201175,6.131322,373.5,True
18:32:37,1577,12.84,263.5,0.0,46.201175,6.131322,373.5,True
18:32:37,1549,12.80,263.5,0.0,46.201175,6.131322,373.5,True
18:32:37,1509,12.83,263.5,0.0,46.201175,6.131322,373.5,True
18:32:38,1493,12.84,263.5,0.0,46.201175,6.131322,373.5,True
18:32:38,1507,12.86,263.2,0.0,46.201175,6.131322,373.5,True
18:32:38,1486,12.86,263.2,0.0,46.201175,6.131322,373.5,True
18:32:38,1464,12.84,263.2,0.0,46.201174,6.131328,373.6,True
18:32:38,1439,12.86,263.2,0.0,46.201174,6.131328,373.6,True
18:32:38,1444,12.89,263.2,0.0,46.201174,6.131328,373.6,True
18:32:38,1516,12.94,261.5,0.0,46.201174,6.131328,373.6,True
18:32:38,1566,12.94,261.5,0.0,46.201174,6.131328,373.6,True
18:32:38,1560,12.97,261.5,0.0,46.201174,6.131328,373.6,True
18:32:38,1588,12.99,261.5,0.0,46.201174,6.131328,373.6,True
18:32:38,1631,12.99,261.5,0.0,46.201174,6.131328,373.6,True
18:32:39,1634,12.99,261.2,0.0,46.201174,6.131328,373.6,True
18:32:39,1578,12.99,261.2,0.0,46.201174,6.131328,373.6,True
18:32:39,1529,12.93,261.2,0.0,46.201174,6.131334,373.7,True
18:32:39,1531,12.89,261.2,0.0,46.201174,6.131334,373.7,True
18:32:39,1551,12.86,261.2,0.0,46.201174,6.131334,373.7,True
18:32:39,1547,12.84,260.7,0.0,46.201174,6.131334,373.7,True
18:32:39,1550,12.84,260.7,0.0,46.201174,6.131334,373.7,True
18:32:39,1548,12.82,260.7,0.0,46.201174,6.131334,373.7,True
18:32:39,1512,12.82,260.7,0.0,46.201174,6.131334,373.7,True
18:32:39,1482,12.80,260.7,0.0,46.201174,6.131334,373.7,True
18:32:40,1530,12.78,258.2,0.0,46.201174,6.131334,373.7,True
18:32:40,1504,12.75,258.2,0.0,46.201174,6.131334,373.7,True
18:32:40,1462,12.73,258.2,0.0,46.201173,6.131339,373.7,True
18:32:40,1549,12.69,258.2,0.0,46.201173,6.131339,373.7,True
18:32:40,1556,12.74,258.2,0.0,46.201173,6.131339,373.7,True
18:32:40,1549,12.77,259.0,0.0,46.201173,6.131339,373.7,True
18:32:40,1539,12.79,259.0,0.0,46.201173,6.131339,373.7,True
18:32:40,1619,12.83,259.0,0.0,46.201173,6.131339,373.7,True
18:32:40,1626,12.82,259.0,0.0,46.201173,6.131339,373.7,True
18:32:41,1616,12.84,259.0,0.0,46.201173,6.131339,373.7,True
18:32:41,1579,12.82,258.5,0.0,46.201173,6.131339,373.7,True
18:32:41,1571,12.82,258.5,0.0,46.201173,6.131339,373.7,True
18:32:41,1558,12.79,258.5,0.0,46.201170,6.131343,374.0,True
18:32:41,1630,12.73,258.5,0.0,46.201170,6.131343,374.0,True
18:32:41,1639,12.71,258.5,0.0,46.201170,6.131343,374.0,True
18:32:41,1617,12.69,258.2,0.0,46.201170,6.131343,374.0,True
18:32:41,1577,12.65,258.2,0.0,46.201170,6.131343,374.0,True
18:32:41,1563,12.65,258.2,0.0,46.201170,6.131343,374.0,True
18:32:41,1529,12.65,258.2,0.0,46.201170,6.131343,374.0,True
18:32:41,1527,12.64,258.2,0.0,46.201170,6.131343,374.0,True
18:32:42,1543,12.65,258.0,0.0,46.201170,6.131343,374.0,True
18:32:42,1544,12.62,258.0,0.0,46.201170,6.131343,374.0,True
18:32:42,1529,12.62,258.0,0.0,46.201167,6.131346,374.3,True
18:32:42,1513,12.62,258.0,0.0,46.201167,6.131346,374.3,True
18:32:42,1486,12.62,258.0,0.0,46.201167,6.131346,374.3,True
18:32:42,1500,12.63,256.7,0.0,46.201167,6.131346,374.3,True
18:32:42,1479,12.64,256.7,0.0,46.201167,6.131346,374.3,True
18:32:42,1521,12.65,256.7,0.0,46.201167,6.131346,374.3,True
18:32:42,1535,12.64,256.7,0.0,46.201167,6.131346,374.3,True
18:32:43,1497,12.60,256.7,0.0,46.201167,6.131346,374.3,True
18:32:43,1536,12.60,255.0,0.0,46.201167,6.131346,374.3,True
18:32:43,1518,12.59,255.0,0.0,46.201167,6.131346,374.3,True
18:32:43,1515,12.60,255.0,0.0,46.201163,6.131350,374.5,True
18:32:43,1508,12.55,255.0,0.0,46.201163,6.131350,374.5,True
18:32:43,1511,12.55,255.0,0.0,46.201163,6.131350,374.5,True
18:32:43,1549,12.58,254.3,0.0,46.201163,6.131350,374.5,True
18:32:43,1542,12.64,254.3,0.0,46.201163,6.131350,374.5,True
18:32:43,1607,12.67,254.3,0.0,46.201163,6.131350,374.5,True
18:32:43,1667,12.68,254.3,0.0,46.201163,6.131350,374.5,True
18:32:44,1639,12.73,254.3,0.0,46.201163,6.131350,374.5,True
18:32:44,1676,12.76,254.0,0.0,46.201163,6.131350,374.5,True
18:32:44,1665,12.78,254.0,0.0,46.201163,6.131350,374.5,True
18:32:44,1687,12.76,254.0,0.0,46.201161,6.131354,374.7,True
18:32:44,1652,12.74,254.0,0.0,46.201161,6.131354,374.7,True
18:32:44,1639,12.73,254.0,0.0,46.201161,6.131354,374.7,True
18:32:44,1616,12.70,253.8,0.0,46.201161,6.131354,374.7,True
18:32:44,1604,12.65,253.8,0.0,46.201161,6.131354,374.7,True
18:32:44,1573,12.65,253.8,0.0,46.201161,6.131354,374.7,True
18:32:44,1612,12.66,253.8,0.0,46.201161,6.131354,374.7,True
18:32:45,1581,12.64,253.8,0.0,46.201161,6.131354,374.7,True
18:32:45,1652,12.61,253.8,0.0,46.201161,6.131354,374.7,True
18:32:45,1603,12.61,253.8,0.0,46.201161,6.131354,374.7,True
18:32:45,1585,12.59,253.8,0.0,46.201159,6.131358,374.9,True
18:32:45,1557,12.59,253.8,0.0,46.201159,6.131358,374.9,True
18:32:45,1584,12.58,253.8,0.0,46.201159,6.131358,374.9,True
18:32:45,1592,12.61,252.0,0.0,46.201159,6.131358,374.9,True
18:32:45,1606,12.63,252.0,0.0,46.201159,6.131358,374.9,True
18:32:45,1556,12.62,252.0,0.0,46.201159,6.131358,374.9,True
18:32:45,1563,12.64,252.0,0.0,46.201159,6.131358,374.9,True
18:32:46,1601,12.65,252.0,0.0,46.201159,6.131358,374.9,True
18:32:46,1552,12.71,249.8,0.0,46.201159,6.131358,374.9,True
18:32:46,1535,12.72,249.8,0.0,46.201159,6.131358,374.9,True
18:32:46,1549,12.76,249.8,0.0,46.201158,6.131363,375.1,True
18:32:46,1615,12.78,249.8,0.0,46.201158,6.131363,375.1,True
18:32:46,1592,12.79,249.8,0.0,46.201158,6.131363,375.1,True
18:32:46,1544,12.79,248.3,0.0,46.201158,6.131363,375.1,True
18:32:46,1519,12.88,248.3,0.0,46.201158,6.131363,375.1,True
18:32:46,1490,12.95,248.3,0.0,46.201158,6.131363,375.1,True
18:32:46,1488,12.99,248.3,0.0,46.201158,6.131363,375.1,True
18:32:46,1480,13.07,248.3,0.0,46.201158,6.131363,375.1,True
18:32:47,1574,13.13,248.3,0.0,46.201158,6.131363,375.1,True
18:32:47,1625,13.19,248.3,0.0,46.201158,6.131363,375.1,True
18:32:47,1686,13.18,248.3,0.0,46.201156,6.131368,375.3,True
18:32:47,1714,13.20,248.3,0.0,46.201156,6.131368,375.3,True
18:32:47,1679,13.23,248.3,0.0,46.201156,6.131368,375.3,True
18:32:47,1657,13.23,247.5,0.0,46.201156,6.131368,375.3,True
18:32:47,1752,13.23,247.5,0.0,46.201156,6.131368,375.3,True
18:32:47,1741,13.25,247.5,0.0,46.201156,6.131368,375.3,True
18:32:47,1695,13.20,247.5,0.0,46.201156,6.131368,375.3,True
18:32:48,1645,13.14,247.5,0.0,46.201156,6.131368,375.3,True
18:32:48,1637,13.11,247.5,0.0,46.201156,6.131368,375.3,True
18:32:48,1659,13.04,247.5,0.0,46.201156,6.131368,375.3,True
18:32:48,1662,13.04,247.5,0.0,46.201154,6.131372,375.6,True
18:32:48,0,0.00,0.0,0.0,46.201154,6.131372,375.6,True
18:32:48,398,12.88,247.5,0.0,46.201154,6.131372,375.6,True
18:32:48,628,12.84,247.5,0.0,46.201154,6.131372,375.6,True
18:32:48,810,12.81,246.5,0.0,46.201154,6.131372,375.6,True
18:32:48,941,12.80,246.5,0.0,46.201154,6.131372,375.6,True
18:32:48,1137,12.77,246.5,0.0,46.201154,6.131372,375.6,True
18:32:48,1235,12.76,246.5,0.0,46.201154,6.131372,375.6,True
18:32:49,1359,12.80,246.5,0.0,46.201154,6.131372,375.6,True
18:32:49,1430,12.83,246.3,0.0,46.201154,6.131372,375.6,True
18:32:49,1443,12.84,246.3,0.0,46.201153,6.131375,375.8,True
18:32:49,1492,12.83,246.3,0.0,46.201153,6.131375,375.8,True
18:32:49,1533,12.85,246.3,0.0,46.201153,6.131375,375.8,True
18:32:49,1613,12.88,246.3,0.0,46.201153,6.131375,375.8,True
18:32:49,1584,12.90,245.5,0.0,46.201153,6.131375,375.8,True
18:32:49,1554,12.87,245.5,0.0,46.201153,6.131375,375.8,True
18:32:49,1610,12.88,245.5,0.0,46.201153,6.131375,375.8,True
18:32:49,1603,12.89,245.5,0.0,46.201153,6.131375,375.8,True
18:32:50,1640,12.93,245.5,0.0,46.201153,6.131375,375.8,True
18:32:50,1599,12.92,244.3,0.0,46.201153,6.131375,375.8,True
18:32:50,1634,12.93,244.3,0.0,46.201151,6.131380,376.1,True
18:32:50,1614,12.94,244.3,0.0,46.201151,6.131380,376.1,True
18:32:50,1658,12.96,244.3,0.0,46.201151,6.131380,376.1,True
18:32:50,1632,12.98,244.3,0.0,46.201151,6.131380,376.1,True
18:32:50,1614,12.99,244.5,0.0,46.201151,6.131380,376.1,True
18:32:50,1628,13.03,244.5,0.0,46.201151,6.131380,376.1,True
18:32:50,1601,13.07,244.5,0.0,46.201151,6.131380,376.1,True
18:32:50,1590,13.05,244.5,0.0,46.201151,6.131380,376.1,True
18:32:51,1603,13.07,244.5,0.0,46.201151,6.131380,376.1,True
18:32:51,1607,13.08,242.0,0.0,46.201151,6.131380,376.1,True
18:32:51,1636,13.06,242.0,0.0,46.201150,6.131384,376.3,True
18:32:51,1649,13.04,242.0,0.0,46.201150,6.131384,376.3,True
18:32:51,1639,13.05,242.0,0.0,46.201150,6.131384,376.3,True
18:32:51,1596,13.06,242.0,0.0,46.201150,6.131384,376.3,True
18:32:51,1547,13.07,240.8,0.0,46.201150,6.131384,376.3,True
18:32:51,1568,13.12,240.8,0.0,46.201150,6.131384,376.3,True
18:32:51,1528,13.20,240.8,0.0,46.201150,6.131384,376.3,True
18:32:52,1609,13.26,240.8,0.0,46.201150,6.131384,376.3,True
18:32:52,1607,13.29,240.8,0.0,46.201150,6.131384,376.3,True
18:32:52,1598,13.30,240.5,0.0,46.201150,6.131384,376.3,True
18:32:52,1573,13.32,240.5,0.9,46.201147,6.131390,377.1,True
18:32:52,1705,13.29,240.5,0.9,46.201147,6.131390,377.1,True
18:32:52,1694,13.26,240.5,0.9,46.201147,6.131390,377.1,True
18:32:52,1702,13.24,240.5,0.9,46.201147,6.131390,377.1,True
18:32:52,1687,13.22,240.5,0.9,46.201147,6.131390,377.1,True
18:32:52,1664,13.22,240.5,0.9,46.201147,6.131390,377.1,True
18:32:52,1663,13.18,240.5,0.9,46.201147,6.131390,377.1,True
18:32:52,1686,13.15,240.5,0.9,46.201147,6.131390,377.1,True
18:32:53,1643,13.13,240.5,0.9,46.201147,6.131390,377.1,True
18:32:53,1632,13.06,240.3,0.9,46.201147,6.131390,377.1,True
18:32:53,1669,13.02,240.3,0.0,46.201147,6.131395,377.4,True
18:32:53,1727,12.98,240.3,0.0,46.201147,6.131395,377.4,True
18:32:53,1690,12.94,240.3,0.0,46.201147,6.131395,377.4,True
18:32:53,1699,12.90,240.3,0.0,46.201147,6.131395,377.4,True
18:32:53,1744,12.87,241.0,0.0,46.201147,6.131395,377.4,True
18:32:53,1744,12.85,241.0,0.0,46.201147,6.131395,377.4,True
18:32:53,1731,12.84,241.0,0.0,46.201147,6.131395,377.4,True
18:32:53,1752,12.80,241.0,0.0,46.201147,6.131395,377.4,True
18:32:54,1728,12.82,241.0,0.0,46.201147,6.131395,377.4,True
18:32:54,1654,12.82,240.8,0.0,46.201147,6.131395,377.4,True
18:32:54,1654,12.81,240.8,0.0,46.201146,6.131400,377.6,True
18:32:54,1635,12.78,240.8,0.0,46.201146,6.131400,377.6,True
18:32:54,1582,12.74,240.8,0.0,46.201146,6.131400,377.6,True
18:32:54,1586,12.74,240.8,0.0,46.201146,6.131400,377.6,True
18:32:54,1637,12.74,239.0,0.0,46.201146,6.131400,377.6,True
18:32:54,1622,12.73,239.0,0.0,46.201146,6.131400,377.6,True
18:32:54,1609,12.74,239.0,0.0,46.201146,6.131400,377.6,True
18:32:54,1550,12.77,239.0,0.0,46.201146,6.131400,377.6,True
18:32:55,1604,12.81,239.0,0.0,46.201146,6.131400,377.6,True
18:32:55,1632,12.86,237.8,0.0,46.201146,6.131400,377.6,True
18:32:55,1578,12.93,237.8,0.0,46.201146,6.131407,378.0,True
18:32:55,1562,12.98,237.8,0.0,46.201146,6.131407,378.0,True
18:32:55,1598,13.04,237.8,0.0,46.201146,6.131407,378.0,True
18:32:55,1572,13.02,237.8,0.0,46.201146,6.131407,378.0,True
18:32:55,1603,13.00,237.5,0.0,46.201146,6.131407,378.0,True
18:32:55,1593,13.02,237.5,0.0,46.201146,6.131407,378.0,True
18:32:55,1613,13.03,237.5,0.0,46.201146,6.131407,378.0,True
18:32:55,1612,13.03,237.5,0.0,46.201146,6.131407,378.0,True
18:32:56,1637,13.05,237.5,0.0,46.201146,6.131407,378.0,True
18:32:56,1639,13.10,236.8,0.0,46.201146,6.131407,378.0,True
18:32:56,1664,13.13,236.8,0.0,46.201145,6.131413,378.3,True
18:32:56,1692,13.14,236.8,0.0,46.201145,6.131413,378.3,True
18:32:56,1666,13.11,236.8,0.0,46.201145,6.131413,378.3,True
18:32:56,1620,13.09,236.8,0.0,46.201145,6.131413,378.3,True
18:32:56,1646,13.07,237.0,0.0,46.201145,6.131413,378.3,True
18:32:56,1806,12.99,237.0,0.0,46.201145,6.131413,378.3,True
18:32:56,2205,12.92,237.0,0.0,46.201145,6.131413,378.3,True
18:32:56,2442,12.90,237.0,0.0,46.201145,6.131413,378.3,True
18:32:57,2531,12.88,237.0,0.0,46.201145,6.131413,378.3,True
18:32:57,2611,12.84,243.5,0.0,46.201145,6.131413,378.3,True
18:32:57,2766,12.85,243.5,0.0,46.201144,6.131421,378.7,True
18:32:57,3097,13.13,243.5,0.0,46.201144,6.131421,378.7,True
18:32:57,3307,13.36,243.5,0.0,46.201144,6.131421,378.7,True
18:32:57,3218,13.56,243.5,0.0,46.201144,6.131421,378.7,True
18:32:57,3315,14.10,254.5,0.0,46.201144,6.131421,378.7,True
18:32:57,3475,14.58,254.5,0.0,46.201144,6.131421,378.7,True
18:32:57,3818,14.98,254.5,0.0,46.201144,6.131421,378.7,True
18:32:57,3905,15.15,254.5,0.0,46.201144,6.131421,378.7,True
18:32:58,4023,15.30,254.5,0.0,46.201144,6.131421,378.7,True
18:32:58,4239,15.74,281.5,0.0,46.201144,6.131421,378.7,True
18:32:58,4345,16.14,281.5,0.0,46.201143,6.131427,379.0,True
18:32:58,4470,16.42,281.5,0.0,46.201143,6.131427,379.0,True
18:32:58,4539,16.05,281.5,0.0,46.201143,6.131427,379.0,True
18:32:58,4608,15.73,281.5,0.0,46.201143,6.131427,379.0,True
18:32:58,4668,15.46,311.0,0.0,46.201143,6.131427,379.0,True
18:32:58,4707,15.03,311.0,0.0,46.201143,6.131427,379.0,True
18:32:58,4784,14.70,311.0,0.0,46.201143,6.131427,379.0,True
18:32:59,4821,14.41,311.0,0.0,46.201143,6.131427,379.0,True
18:32:59,4874,14.26,311.0,0.0,46.201143,6.131427,379.0,True
18:32:59,4936,14.14,335.2,0.0,46.201143,6.131427,379.0,True
18:32:59,5055,14.01,335.2,9.0,46.201136,6.131466,380.3,True
18:32:59,5221,13.86,335.2,9.0,46.201136,6.131466,380.3,True
18:32:59,5477,13.73,335.2,9.0,46.201136,6.131466,380.3,True
18:32:59,5563,13.63,335.2,9.0,46.201136,6.131466,380.3,True
18:32:59,5641,13.50,335.2,9.0,46.201136,6.131466,380.3,True
18:32:59,5602,13.39,335.2,9.0,46.201136,6.131466,380.3,True
18:32:59,5523,13.29,335.2,9.0,46.201136,6.131466,380.3,True
18:33:00,5414,13.06,335.2,9.0,46.201136,6.131466,380.3,True
18:33:00,5278,12.88,335.2,9.0,46.201136,6.131466,380.3,True
18:33:00,5120,12.71,335.2,9.0,46.201136,6.131466,380.3,True
18:33:00,4915,12.53,335.2,24.0,46.201127,6.131532,381.2,True
18:33:00,4876,12.37,335.2,24.0,46.201127,6.131532,381.2,True
18:33:00,4864,12.27,335.2,24.0,46.201127,6.131532,381.2,True
18:33:00,4760,12.20,335.2,24.0,46.201127,6.131532,381.2,True
18:33:00,4707,12.18,335.2,24.0,46.201127,6.131532,381.2,True
18:33:00,4776,12.14,335.2,24.0,46.201127,6.131532,381.2,True
18:33:00,4815,12.79,335.2,24.0,46.201127,6.131532,381.2,True
18:33:01,4992,13.31,335.2,24.0,46.201127,6.131532,381.2,True
18:33:01,5028,13.75,335.2,24.0,46.201127,6.131532,381.2,True
18:33:01,5022,13.86,335.2,24.0,46.201127,6.131532,381.2,True
18:33:01,4960,13.96,335.2,29.2,46.201116,6.131636,382.1,True
18:33:01,4873,14.02,335.2,29.2,46.201116,6.131636,382.1,True
18:33:01,4762,13.89,335.2,29.2,46.201116,6.131636,382.1,True
18:33:01,4632,13.78,335.2,29.2,46.201116,6.131636,382.1,True
18:33:01,4490,13.69,335.2,29.2,46.201116,6.131636,382.1,True
18:33:01,4423,13.54,335.2,29.2,46.201116,6.131636,382.1,True
18:33:01,4368,13.41,335.2,29.2,46.201116,6.131636,382.1,True
18:33:02,4346,13.32,335.2,29.2,46.201116,6.131636,382.1,True
18:33:02,4246,13.15,335.2,29.2,46.201116,6.131636,382.1,True
18:33:02,4278,12.99,335.2,29.2,46.201116,6.131636,382.1,True
18:33:02,4308,12.86,335.2,35.1,46.201108,6.131770,382.8,True
18:33:02,4317,13.08,335.2,35.1,46.201108,6.131770,382.8,True
18:33:02,4330,13.27,335.2,35.1,46.201108,6.131770,382.8,True
18:33:02,4279,13.45,335.2,35.1,46.201108,6.131770,382.8,True
18:33:02,4228,13.77,335.2,35.1,46.201108,6.131770,382.8,True
18:33:02,4141,14.05,335.2,35.1,46.201108,6.131770,382.8,True
18:33:02,4063,14.36,335.2,35.1,46.201108,6.131770,382.8,True
18:33:03,4082,14.61,335.2,35.1,46.201108,6.131770,382.8,True
18:33:03,3897,14.83,335.2,35.1,46.201108,6.131770,382.8,True
18:33:03,3857,14.87,331.2,35.1,46.201108,6.131770,382.8,True
18:33:03,3829,14.92,331.2,40.8,46.201104,6.131927,382.8,True
18:33:03,3681,14.96,331.2,40.8,46.201104,6.131927,382.8,True
18:33:03,3559,15.01,331.2,40.8,46.201104,6.131927,382.8,True
18:33:03,3460,15.02,331.2,40.8,46.201104,6.131927,382.8,True
18:33:03,3423,15.05,323.0,40.8,46.201104,6.131927,382.8,True
18:33:03,3466,15.07,323.0,40.8,46.201104,6.131927,382.8,True
18:33:03,3415,15.10,323.0,40.8,46.201104,6.131927,382.8,True
18:33:04,3371,15.13,323.0,40.8,46.201104,6.131927,382.8,True
18:33:04,3370,15.11,323.0,40.8,46.201104,6.131927,382.8,True
18:33:04,3370,15.14,323.0,40.8,46.201104,6.131927,382.8,True
18:33:04,3359,15.15,323.0,36.7,46.201101,6.132070,383.6,True
18:33:04,3311,15.15,323.0,36.7,46.201101,6.132070,383.6,True
18:33:04,3301,15.16,323.0,36.7,46.201101,6.132070,383.6,True
18:33:04,3218,15.15,323.0,36.7,46.201101,6.132070,383.6,True
18:33:04,3149,15.14,323.0,36.7,46.201101,6.132070,383.6,True
18:33:04,3087,15.15,323.0,36.7,46.201101,6.132070,383.6,True
18:33:04,3037,15.17,323.0,36.7,46.201101,6.132070,383.6,True
18:33:05,3039,15.15,323.0,36.7,46.201101,6.132070,383.6,True
18:33:05,3098,15.14,323.0,36.7,46.201101,6.132070,383.6,True
18:33:05,3046,15.13,323.0,36.7,46.201101,6.132070,383.6,True
18:33:05,3035,15.11,323.0,34.1,46.201101,6.132201,383.9,True
18:33:05,3128,15.10,323.0,34.1,46.201101,6.132201,383.9,True
18:33:05,3179,15.06,323.0,34.1,46.201101,6.132201,383.9,True
18:33:05,3187,14.88,323.0,34.1,46.201101,6.132201,383.9,True
18:33:05,3231,14.73,323.0,34.1,46.201101,6.132201,383.9,True
18:33:05,3300,14.61,323.0,34.1,46.201101,6.132201,383.9,True
18:33:05,3244,14.26,323.0,34.1,46.201101,6.132201,383.9,True
18:33:06,3349,13.95,323.0,34.1,46.201101,6.132201,383.9,True
18:33:06,3352,13.71,323.0,34.1,46.201101,6.132201,383.9,True
18:33:06,3358,13.63,323.0,34.1,46.201101,6.132201,383.9,True
18:33:06,3364,13.58,323.0,32.9,46.201099,6.132325,384.2,True
18:33:06,3416,13.48,323.0,32.9,46.201099,6.132325,384.2,True
18:33:06,3447,13.48,323.0,32.9,46.201099,6.132325,384.2,True
18:33:06,3518,13.49,323.0,32.9,46.201099,6.132325,384.2,True
18:33:06,3543,13.48,323.0,32.9,46.201099,6.132325,384.2,True
18:33:06,3501,13.51,323.0,32.9,46.201099,6.132325,384.2,True
18:33:06,3502,13.55,323.0,32.9,46.201099,6.132325,384.2,True
18:33:07,3427,13.56,323.0,32.9,46.201099,6.132325,384.2,True
18:33:07,3280,13.55,323.0,32.9,46.201099,6.132325,384.2,True
18:33:07,3175,13.57,318.2,32.9,46.201099,6.132325,384.2,True
18:33:07,3072,13.60,318.2,30.7,46.201088,6.132435,384.5,True
18:33:07,2993,13.61,318.2,30.7,46.201088,6.132435,384.5,True
18:33:07,2965,13.63,318.2,30.7,46.201088,6.132435,384.5,True
18:33:07,2947,13.67,318.2,30.7,46.201088,6.132435,384.5,True
18:33:07,2883,13.70,318.2,30.7,46.201088,6.132435,384.5,True
18:33:07,2827,13.74,318.2,30.7,46.201088,6.132435,384.5,True
18:33:07,2782,13.84,318.2,30.7,46.201088,6.132435,384.5,True
18:33:08,2739,13.89,318.2,30.7,46.201088,6.132435,384.5,True
18:33:08,2750,13.94,318.2,30.7,46.201088,6.132435,384.5,True
18:33:08,2752,14.11,306.0,30.7,46.201088,6.132435,384.5,True
18:33:08,2709,14.22,306.0,18.7,46.201026,6.132405,382.8,True
18:33:08,2718,14.34,306.0,18.7,46.201026,6.132405,382.8,True
18:33:08,2708,14.45,306.0,18.7,46.201026,6.132405,382.8,True
18:33:08,2665,14.55,306.0,18.7,46.201026,6.132405,382.8,True
18:33:08,2669,14.64,299.5,18.7,46.201026,6.132405,382.8,True
18:33:08,2636,14.65,299.5,18.7,46.201026,6.132405,382.8,True
18:33:08,2630,14.69,299.5,18.7,46.201026,6.132405,382.8,True
18:33:09,2598,14.72,299.5,18.7,46.201026,6.132405,382.8,True
18:33:09,2557,14.69,299.5,18.7,46.201026,6.132405,382.8,True
18:33:09,2527,14.69,297.0,18.7,46.201026,6.132405,382.8,True
18:33:09,2508,14.71,297.0,21.0,46.200974,6.132394,380.9,True
18:33:09,2478,14.62,297.0,21.0,46.200974,6.132394,380.9,True
18:33:09,2460,14.55,297.0,21.0,46.200974,6.132394,380.9,True
18:33:09,2506,14.52,297.0,21.0,46.200974,6.132394,380.9,True
18:33:09,2646,14.40,297.0,21.0,46.200974,6.132394,380.9,True
18:33:09,2682,14.31,297.0,21.0,46.200974,6.132394,380.9,True
18:33:09,2748,14.21,297.0,21.0,46.200974,6.132394,380.9,True
18:33:10,2801,14.18,297.0,21.0,46.200974,6.132394,380.9,True
18:33:10,2897,14.16,297.0,21.0,46.200974,6.132394,380.9,True
18:33:10,2874,14.14,297.0,21.0,46.200974,6.132394,380.9,True
18:33:10,2902,14.17,297.0,16.8,46.200945,6.132377,375.8,True
18:33:10,2841,14.22,297.0,16.8,46.200945,6.132377,375.8,True
18:33:10,2749,14.25,297.0,16.8,46.200945,6.132377,375.8,True
18:33:10,2704,14.69,297.0,16.8,46.200945,6.132377,375.8,True
18:33:10,2720,15.07,298.0,16.8,46.200945,6.132377,375.8,True
18:33:10,2720,15.35,298.0,16.8,46.200945,6.132377,375.8,True
18:33:10,2807,15.48,298.0,16.8,46.200945,6.132377,375.8,True
18:33:11,2812,15.58,298.0,16.8,46.200945,6.132377,375.8,True
18:33:11,2793,15.68,298.0,16.8,46.200945,6.132377,375.8,True
18:33:11,2780,15.67,295.7,16.8,46.200945,6.132377,375.8,True
18:33:11,2680,15.67,295.7,18.3,46.200927,6.132356,367.2,True
18:33:11,2644,15.66,295.7,18.3,46.200927,6.132356,367.2,True
18:33:11,2572,15.64,295.7,18.3,46.200927,6.132356,367.2,True
18:33:11,2584,15.61,295.7,18.3,46.200927,6.132356,367.2,True
18:33:11,2538,15.57,292.0,18.3,46.200927,6.132356,367.2,True
18:33:11,2563,15.44,292.0,18.3,46.200927,6.132356,367.2,True
18:33:11,2666,15.30,292.0,18.3,46.200927,6.132356,367.2,True
18:33:12,2736,15.18,292.0,18.3,46.200927,6.132356,367.2,True
18:33:12,2798,15.06,292.0,18.3,46.200927,6.132356,367.2,True
18:33:12,2824,14.94,295.7,18.3,46.200927,6.132356,367.2,True
18:33:12,2799,14.53,295.7,9.8,46.200934,6.132324,357.9,True
18:33:12,2749,14.17,295.7,9.8,46.200934,6.132324,357.9,True
18:33:12,2833,13.87,295.7,9.8,46.200934,6.132324,357.9,True
18:33:12,2908,14.03,295.7,9.8,46.200934,6.132324,357.9,True
18:33:12,2977,14.17,301.7,9.8,46.200934,6.132324,357.9,True
18:33:12,3049,14.28,301.7,9.8,46.200934,6.132324,357.9,True
18:33:12,3018,14.60,301.7,9.8,46.200934,6.132324,357.9,True
18:33:13,3004,14.91,301.7,9.8,46.200934,6.132324,357.9,True
18:33:13,3000,15.18,301.7,9.8,46.200934,6.132324,357.9,True
18:33:13,2958,15.66,312.5,9.8,46.200934,6.132324,357.9,True
18:33:13,3000,16.05,312.5,9.9,46.200943,6.132300,349.2,True
18:33:13,3004,16.40,312.5,9.9,46.200943,6.132300,349.2,True
18:33:13,2977,16.37,312.5,9.9,46.200943,6.132300,349.2,True
18:33:13,3040,16.37,312.5,9.9,46.200943,6.132300,349.2,True
18:33:13,3076,16.32,312.5,9.9,46.200943,6.132300,349.2,True
18:33:13,2985,15.98,312.5,9.9,46.200943,6.132300,349.2,True
18:33:13,2996,15.69,312.5,9.9,46.200943,6.132300,349.2,True
18:33:14,2906,15.46,312.5,9.9,46.200943,6.132300,349.2,True
18:33:14,2838,15.19,312.5,9.9,46.200943,6.132300,349.2,True
18:33:14,2806,14.95,316.0,9.9,46.200943,6.132300,349.2,True
18:33:14,2751,14.73,316.0,9.7,46.200931,6.132298,341.7,True
18:33:14,2723,14.53,316.0,9.7,46.200931,6.132298,341.7,True
18:33:14,2711,14.40,316.0,9.7,46.200931,6.132298,341.7,True
18:33:14,2812,14.29,316.0,9.7,46.200931,6.132298,341.7,True
18:33:14,2896,14.14,310.5,9.7,46.200931,6.132298,341.7,True
18:33:14,2912,14.00,310.5,9.7,46.200931,6.132298,341.7,True
18:33:14,2969,13.90,310.5,9.7,46.200931,6.132298,341.7,True
18:33:15,3022,13.96,310.5,9.7,46.200931,6.132298,341.7,True
18:33:15,3110,14.04,310.5,9.7,46.200931,6.132298,341.7,True
18:33:15,3159,14.09,313.0,9.7,46.200931,6.132298,341.7,True
18:33:15,3218,13.84,313.0,8.2,46.200919,6.132295,334.0,True
18:33:15,3225,13.63,313.0,8.2,46.200919,6.132295,334.0,True
18:33:15,3149,13.46,313.0,8.2,46.200919,6.132295,334.0,True
18:33:15,3098,13.45,313.0,8.2,46.200919,6.132295,334.0,True
18:33:15,3081,13.48,313.0,8.2,46.200919,6.132295,334.0,True
18:33:15,3118,13.50,313.0,8.2,46.200919,6.132295,334.0,True
18:33:15,3074,13.73,313.0,8.2,46.200919,6.132295,334.0,True
18:33:16,3035,13.89,313.0,8.2,46.200919,6.132295,334.0,True
18:33:16,3064,14.07,313.0,8.2,46.200919,6.132295,334.0,True
18:33:16,3045,14.27,322.5,8.2,46.200919,6.132295,334.0,True
18:33:16,3074,14.41,322.5,7.7,46.200904,6.132303,328.4,True
18:33:16,3137,14.52,322.5,7.7,46.200904,6.132303,328.4,True
18:33:16,3169,14.59,322.5,7.7,46.200904,6.132303,328.4,True
18:33:16,3295,14.65,322.5,7.7,46.200904,6.132303,328.4,True
18:33:16,3317,14.71,322.5,7.7,46.200904,6.132303,328.4,True
18:33:16,3340,14.94,322.5,7.7,46.200904,6.132303,328.4,True
18:33:16,3260,15.14,322.5,7.7,46.200904,6.132303,328.4,True
18:33:17,3147,15.31,322.5,7.7,46.200904,6.132303,328.4,True
18:33:17,3133,15.24,322.5,7.7,46.200904,6.132303,328.4,True
18:33:17,3082,15.23,322.5,7.7,46.200904,6.132303,328.4,True
18:33:17,3095,15.11,322.5,8.0,46.200894,6.132333,323.2,True
18:33:17,3064,14.98,322.5,8.0,46.200894,6.132333,323.2,True
18:33:17,2996,14.89,322.5,8.0,46.200894,6.132333,323.2,True
18:33:17,2940,14.83,322.5,8.0,46.200894,6.132333,323.2,True
18:33:17,2932,14.78,315.0,8.0,46.200894,6.132333,323.2,True
18:33:17,2923,14.70,315.0,8.0,46.200894,6.132333,323.2,True
18:33:17,2872,14.73,315.0,8.0,46.200894,6.132333,323.2,True
18:33:18,2908,14.79,315.0,8.0,46.200894,6.132333,323.2,True
18:33:18,2897,14.84,315.0,8.0,46.200894,6.132333,323.2,True
18:33:18,2838,15.01,308.5,8.0,46.200894,6.132333,323.2,True
18:33:18,2805,15.12,308.5,13.5,46.200896,6.132414,319.8,True
18:33:18,2812,15.25,308.5,13.5,46.200896,6.132414,319.8,True
18:33:18,2800,15.23,308.5,13.5,46.200896,6.132414,319.8,True
18:33:18,2740,15.25,308.5,13.5,46.200896,6.132414,319.8,True
18:33:18,2711,15.21,303.7,13.5,46.200896,6.132414,319.8,True
18:33:18,2757,15.10,303.7,13.5,46.200896,6.132414,319.8,True
18:33:18,2747,15.00,303.7,13.5,46.200896,6.132414,319.8,True
18:33:19,2738,14.93,303.7,13.5,46.200896,6.132414,319.8,True
18:33:19,2650,14.76,303.7,13.5,46.200896,6.132414,319.8,True
18:33:19,2589,14.61,303.7,13.5,46.200896,6.132414,319.8,True
18:33:19,2545,14.48,303.7,23.6,46.200916,6.132568,320.4,True
18:33:19,2500,14.43,303.7,23.6,46.200916,6.132568,320.4,True
18:33:19,2505,14.36,303.7,23.6,46.200916,6.132568,320.4,True
18:33:19,2456,14.30,303.7,23.6,46.200916,6.132568,320.4,True
18:33:19,2470,14.29,294.5,23.6,46.200916,6.132568,320.4,True
18:33:19,2421,14.28,294.5,23.6,46.200916,6.132568,320.4,True
18:33:19,2387,14.30,294.5,23.6,46.200916,6.132568,320.4,True
18:33:20,2344,14.30,294.5,23.6,46.200916,6.132568,320.4,True
18:33:20,2448,14.31,294.5,23.6,46.200916,6.132568,320.4,True
18:33:20,2450,14.29,293.0,23.6,46.200916,6.132568,320.4,True
18:33:20,2381,14.32,293.0,21.9,46.200927,6.132661,315.0,True
18:33:20,2448,14.38,293.0,21.9,46.200927,6.132661,315.0,True
18:33:20,2394,14.45,293.0,21.9,46.200927,6.132661,315.0,True
18:33:20,2453,14.30,293.0,21.9,46.200927,6.132661,315.0,True
18:33:20,2391,14.20,290.0,21.9,46.200927,6.132661,315.0,True
18:33:20,2391,14.11,290.0,21.9,46.200927,6.132661,315.0,True
18:33:20,2465,14.01,290.0,21.9,46.200927,6.132661,315.0,True
18:33:21,2551,13.87,290.0,21.9,46.200927,6.132661,315.0,True
18:33:21,2572,13.79,290.0,21.9,46.200927,6.132661,315.0,True
18:33:21,2532,13.75,292.2,21.9,46.200927,6.132661,315.0,True
18:33:21,2475,13.70,292.2,20.6,46.200934,6.132772,314.1,True
18:33:21,2517,13.65,292.2,20.6,46.200934,6.132772,314.1,True
18:33:21,2605,13.52,292.2,20.6,46.200934,6.132772,314.1,True
18:33:21,2684,13.41,292.2,20.6,46.200934,6.132772,314.1,True
18:33:21,2798,13.29,305.5,20.6,46.200934,6.132772,314.1,True
18:33:21,2887,14.12,305.5,20.6,46.200934,6.132772,314.1,True
18:33:21,2963,14.81,305.5,20.6,46.200934,6.132772,314.1,True
18:33:22,2960,15.31,305.5,20.6,46.200934,6.132772,314.1,True
18:33:22,2932,15.70,305.5,20.6,46.200934,6.132772,314.1,True
18:33:22,2920,16.04,317.5,20.6,46.200934,6.132772,314.1,True
18:33:22,2877,16.31,317.5,19.0,46.200949,6.132855,309.6,True
18:33:22,2849,16.55,317.5,19.0,46.200949,6.132855,309.6,True
18:33:22,2834,16.72,317.5,19.0,46.200949,6.132855,309.6,True
18:33:22,2913,16.45,317.5,19.0,46.200949,6.132855,309.6,True
18:33:22,2983,16.23,317.5,19.0,46.200949,6.132855,309.6,True
18:33:22,3004,16.05,317.5,19.0,46.200949,6.132855,309.6,True
18:33:22,3077,15.90,317.5,19.0,46.200949,6.132855,309.6,True
18:33:23,3058,15.79,317.5,19.0,46.200949,6.132855,309.6,True
18:33:23,3043,15.69,317.5,19.0,46.200949,6.132855,309.6,True
18:33:23,3066,15.59,335.5,19.0,46.200949,6.132855,309.6,True
18:33:23,3028,15.49,335.5,19.1,46.200957,6.132940,306.4,True
18:33:23,3069,15.45,335.5,19.1,46.200957,6.132940,306.4,True
18:33:23,3124,15.17,335.5,19.1,46.200957,6.132940,306.4,True
18:33:23,3122,14.94,335.5,19.1,46.200957,6.132940,306.4,True
18:33:23,3158,14.69,335.5,19.1,46.200957,6.132940,306.4,True
18:33:23,3141,14.26,335.5,19.1,46.200957,6.132940,306.4,True
18:33:23,3159,13.88,335.5,19.1,46.200957,6.132940,306.4,True
18:33:24,3088,13.58,335.5,19.1,46.200957,6.132940,306.4,True
18:33:24,3133,13.32,335.5,19.1,46.200957,6.132940,306.4,True
18:33:24,3069,13.11,335.5,19.1,46.200957,6.132940,306.4,True
18:33:24,3018,12.94,335.5,21.1,46.200966,6.133032,303.1,True
18:33:24,2969,13.13,335.5,21.1,46.200966,6.133032,303.1,True
18:33:24,2927,13.29,335.5,21.1,46.200966,6.133032,303.1,True
18:33:24,2893,13.44,335.5,21.1,46.200966,6.133032,303.1,True
18:33:24,2855,13.69,335.5,21.1,46.200966,6.133032,303.1,True
18:33:24,2829,13.88,335.5,21.1,46.200966,6.133032,303.1,True
18:33:24,2795,14.06,335.5,21.1,46.200966,6.133032,303.1,True
18:33:25,2849,13.90,335.5,21.1,46.200966,6.133032,303.1,True
18:33:25,2808,13.75,335.5,21.1,46.200966,6.133032,303.1,True
18:33:25,2861,13.63,303.2,21.1,46.200966,6.133032,303.1,True
18:33:25,2895,13.75,303.2,27.0,46.200964,6.133163,304.2,True
18:33:25,2842,13.88,303.2,27.0,46.200964,6.133163,304.2,True
18:33:25,2808,14.00,303.2,27.0,46.200964,6.133163,304.2,True
18:33:25,2751,14.13,303.2,27.0,46.200964,6.133163,304.2,True
18:33:25,2719,14.26,299.2,27.0,46.200964,6.133163,304.2,True
18:33:25,2726,14.35,299.2,27.0,46.200964,6.133163,304.2,True
18:33:25,2684,14.42,299.2,27.0,46.200964,6.133163,304.2,True
18:33:26,2647,14.53,299.2,27.0,46.200964,6.133163,304.2,True
18:33:26,2664,14.59,299.2,27.0,46.200964,6.133163,304.2,True
18:33:26,2626,14.62,294.2,27.0,46.200964,6.133163,304.2,True
18:33:26,2673,14.61,294.2,27.1,46.200969,6.133280,302.0,True
18:33:26,2726,14.58,294.2,27.1,46.200969,6.133280,302.0,True
18:33:26,2738,14.43,294.2,27.1,46.200969,6.133280,302.0,True
18:33:26,2676,14.32,294.2,27.1,46.200969,6.133280,302.0,True
18:33:26,2658,14.28,289.7,27.1,46.200969,6.133280,302.0,True
18:33:26,2607,14.20,289.7,27.1,46.200969,6.133280,302.0,True
18:33:26,2618,14.16,289.7,27.1,46.200969,6.133280,302.0,True
18:33:27,2672,14.17,289.7,27.1,46.200969,6.133280,302.0,True
18:33:27,2674,14.18,289.7,27.1,46.200969,6.133280,302.0,True
18:33:27,2669,14.17,284.5,27.1,46.200969,6.133280,302.0,True
18:33:27,2645,14.16,284.5,23.4,46.200971,6.133410,306.0,True
18:33:27,2544,14.14,284.5,23.4,46.200971,6.133410,306.0,True
18:33:27,2571,14.11,284.5,23.4,46.200971,6.133410,306.0,True
18:33:27,2678,14.18,284.5,23.4,46.200971,6.133410,306.0,True
18:33:27,2736,14.25,284.5,23.4,46.200971,6.133410,306.0,True
18:33:27,2759,14.32,284.5,23.4,46.200971,6.133410,306.0,True
18:33:27,2754,14.35,284.5,23.4,46.200971,6.133410,306.0,True
18:33:28,2730,14.38,284.5,23.4,46.200971,6.133410,306.0,True
18:33:28,2685,14.41,284.5,23.4,46.200971,6.133410,306.0,True
18:33:28,2670,14.02,284.5,23.4,46.200971,6.133410,306.0,True
18:33:28,2661,13.70,284.5,26.4,46.200981,6.133559,309.9,True
18:33:28,2557,13.42,284.5,26.4,46.200981,6.133559,309.9,True
18:33:28,2502,13.30,284.5,26.4,46.200981,6.133559,309.9,True
18:33:28,2506,13.19,284.5,26.4,46.200981,6.133559,309.9,True
18:33:28,2396,13.09,282.7,26.4,46.200981,6.133559,309.9,True
18:33:28,2295,13.27,282.7,26.4,46.200981,6.133559,309.9,True
18:33:28,0,0.00,0.0,26.4,46.200981,6.133559,309.9,True
18:33:29,377,14.31,282.7,26.4,46.200981,6.133559,309.9,True
18:33:29,709,14.32,282.7,26.4,46.200981,6.133559,309.9,True
18:33:29,967,14.28,282.7,26.4,46.200981,6.133559,309.9,True
18:33:29,1184,14.26,280.0,21.9,46.200985,6.133701,312.9,True
18:33:29,1337,14.27,280.0,21.9,46.200985,6.133701,312.9,True
18:33:29,1433,14.21,280.0,21.9,46.200985,6.133701,312.9,True
18:33:29,1576,14.19,280.0,21.9,46.200985,6.133701,312.9,True
18:33:29,1710,14.12,280.0,21.9,46.200985,6.133701,312.9,True
18:33:29,1815,14.05,281.0,21.9,46.200985,6.133701,312.9,True
18:33:29,1942,13.97,281.0,21.9,46.200985,6.133701,312.9,True
18:33:30,2042,13.89,281.0,21.9,46.200985,6.133701,312.9,True
18:33:30,2129,13.70,281.0,21.9,46.200985,6.133701,312.9,True
18:33:30,2160,13.54,281.0,21.9,46.200985,6.133701,312.9,True
18:33:30,2229,13.40,287.5,19.7,46.200981,6.133803,312.4,True
18:33:30,2217,13.44,287.5,19.7,46.200981,6.133803,312.4,True
18:33:30,2256,13.44,287.5,19.7,46.200981,6.133803,312.4,True
18:33:30,2319,13.47,287.5,19.7,46.200981,6.133803,312.4,True
18:33:30,2354,14.00,287.5,19.7,46.200981,6.133803,312.4,True
18:33:30,2355,14.45,294.5,19.7,46.200981,6.133803,312.4,True
18:33:30,2376,14.87,294.5,19.7,46.200981,6.133803,312.4,True
18:33:31,2444,14.86,294.5,19.7,46.200981,6.133803,312.4,True
18:33:31,2509,14.89,294.5,19.7,46.200981,6.133803,312.4,True
18:33:31,2528,14.91,294.5,19.7,46.200981,6.133803,312.4,True
18:33:31,2518,14.80,300.2,17.2,46.200958,6.133878,312.2,True
18:33:31,2518,14.71,300.2,17.2,46.200958,6.133878,312.2,True
18:33:31,2544,14.65,300.2,17.2,46.200958,6.133878,312.2,True
18:33:31,2536,14.70,300.2,17.2,46.200958,6.133878,312.2,True
18:33:31,2594,14.75,300.2,17.2,46.200958,6.133878,312.2,True
18:33:31,2609,14.94,300.2,17.2,46.200958,6.133878,312.2,True
18:33:31,2670,15.07,300.2,17.2,46.200958,6.133878,312.2,True
18:33:32,2647,15.21,300.2,17.2,46.200958,6.133878,312.2,True
18:33:32,2636,15.33,300.2,17.2,46.200958,6.133878,312.2,True
18:33:32,2634,15.44,300.2,17.2,46.200958,6.133878,312.2,True
18:33:32,2640,15.58,320.7,16.9,46.200927,6.133950,313.0,True
18:33:32,2650,15.86,320.7,16.9,46.200927,6.133950,313.0,True
18:33:32,2669,16.11,320.7,16.9,46.200927,6.133950,313.0,True
18:33:32,2807,16.32,320.7,16.9,46.200927,6.133950,313.0,True
18:33:32,2851,16.25,320.7,16.9,46.200927,6.133950,313.0,True
18:33:32,2926,16.18,320.7,16.9,46.200927,6.133950,313.0,True
18:33:32,2919,16.15,320.7,16.9,46.200927,6.133950,313.0,True
18:33:33,2924,16.05,320.7,16.9,46.200927,6.133950,313.0,True
18:33:33,2936,15.97,320.7,16.9,46.200927,6.133950,313.0,True
18:33:33,2952,15.91,320.7,16.9,46.200927,6.133950,313.0,True
18:33:33,2975,15.79,337.5,20.6,46.200894,6.133975,311.9,True
18:33:33,3003,15.68,337.5,20.6,46.200894,6.133975,311.9,True
18:33:33,3075,15.59,337.5,20.6,46.200894,6.133975,311.9,True
18:33:33,3142,15.38,337.5,20.6,46.200894,6.133975,311.9,True
18:33:33,3380,15.13,337.5,20.6,46.200894,6.133975,311.9,True
18:33:33,3590,14.96,337.5,20.6,46.200894,6.133975,311.9,True
18:33:33,3744,14.81,337.5,20.6,46.200894,6.133975,311.9,True
18:33:34,3886,14.68,337.5,20.6,46.200894,6.133975,311.9,True
18:33:34,4011,14.54,337.5,20.6,46.200894,6.133975,311.9,True
18:33:34,3996,14.39,337.5,20.6,46.200894,6.133975,311.9,True
18:33:34,4155,14.27,337.5,24.1,46.200859,6.134011,311.2,True
18:33:34,4054,14.18,337.5,24.1,46.200859,6.134011,311.2,True
18:33:34,3986,14.13,337.5,24.1,46.200859,6.134011,311.2,True
18:33:34,3941,14.05,337.5,24.1,46.200859,6.134011,311.2,True
18:33:34,3917,14.01,337.5,24.1,46.200859,6.134011,311.2,True
18:33:34,3908,13.97,376.7,24.1,46.200859,6.134011,311.2,True
18:33:34,3946,13.95,376.7,24.1,46.200859,6.134011,311.2,True
18:33:35,4042,13.89,376.7,24.1,46.200859,6.134011,311.2,True
18:33:35,3991,13.85,376.7,24.1,46.200859,6.134011,311.2,True
18:33:35,3949,13.81,376.7,24.1,46.200859,6.134011,311.2,True
18:33:35,3916,13.80,376.7,28.2,46.200837,6.134040,308.8,True
18:33:35,3884,13.65,376.7,28.2,46.200837,6.134040,308.8,True
18:33:35,3894,13.58,376.7,28.2,46.200837,6.134040,308.8,True
18:33:35,3901,13.51,376.7,28.2,46.200837,6.134040,308.8,True
18:33:35,3979,13.35,376.7,28.2,46.200837,6.134040,308.8,True
18:33:35,3919,13.26,376.7,28.2,46.200837,6.134040,308.8,True
18:33:35,3882,13.17,376.7,28.2,46.200837,6.134040,308.8,True
18:33:36,4005,13.09,376.7,28.2,46.200837,6.134040,308.8,True
18:33:36,4026,13.01,376.7,28.2,46.200837,6.134040,308.8,True
18:33:36,3981,12.93,376.7,28.2,46.200837,6.134040,308.8,True
18:33:36,3941,13.17,376.7,30.7,46.200805,6.134066,310.4,True
18:33:36,3864,13.36,376.7,30.7,46.200805,6.134066,310.4,True
18:33:36,3799,13.75,376.7,30.7,46.200805,6.134066,310.4,True
18:33:36,3751,14.11,376.7,30.7,46.200805,6.134066,310.4,True
18:33:36,3876,14.39,376.7,30.7,46.200805,6.134066,310.4,True
18:33:36,3949,14.31,376.7,30.7,46.200805,6.134066,310.4,True
18:33:36,4002,14.26,376.7,30.7,46.200805,6.134066,310.4,True
18:33:37,4072,14.19,376.7,30.7,46.200805,6.134066,310.4,True
18:33:37,4160,14.20,376.7,30.7,46.200805,6.134066,310.4,True
18:33:37,4205,14.21,376.7,30.7,46.200805,6.134066,310.4,True
18:33:37,4235,14.23,376.7,35.0,46.200759,6.134028,310.7,True
18:33:37,4301,14.22,376.7,35.0,46.200759,6.134028,310.7,True
18:33:37,4341,14.23,376.7,35.0,46.200759,6.134028,310.7,True
18:33:37,4375,14.25,376.7,35.0,46.200759,6.134028,310.7,True
18:33:37,4406,14.08,376.7,35.0,46.200759,6.134028,310.7,True
18:33:37,4376,13.94,376.7,35.0,46.200759,6.134028,310.7,True
18:33:37,4346,13.82,376.7,35.0,46.200759,6.134028,310.7,True
18:33:38,4335,13.61,376.7,35.0,46.200759,6.134028,310.7,True
18:33:38,4370,13.39,376.7,35.0,46.200759,6.134028,310.7,True
18:33:38,4347,13.24,376.7,35.0,46.200759,6.134028,310.7,True
18:33:38,4375,13.38,376.7,32.3,46.200712,6.134009,314.2,True
18:33:38,4351,13.51,376.7,32.3,46.200712,6.134009,314.2,True
18:33:38,4338,13.62,376.7,32.3,46.200712,6.134009,314.2,True
18:33:38,4343,13.55,376.7,32.3,46.200712,6.134009,314.2,True
18:33:38,4304,13.46,376.7,32.3,46.200712,6.134009,314.2,True
18:33:38,4208,13.40,376.7,32.3,46.200712,6.134009,314.2,True
18:33:38,4078,13.45,376.7,32.3,46.200712,6.134009,314.2,True
18:33:39,3931,13.49,376.7,32.3,46.200712,6.134009,314.2,True
18:33:39,3928,13.54,376.7,32.3,46.200712,6.134009,314.2,True
18:33:39,3905,13.70,376.7,32.3,46.200712,6.134009,314.2,True
18:33:39,3888,13.82,376.7,32.4,46.200668,6.133972,317.0,True
18:33:39,3893,13.96,376.7,32.4,46.200668,6.133972,317.0,True
18:33:39,3881,14.13,376.7,32.4,46.200668,6.133972,317.0,True
18:33:39,3842,14.25,376.7,32.4,46.200668,6.133972,317.0,True
18:33:39,3685,14.36,376.7,32.4,46.200668,6.133972,317.0,True
18:33:39,3552,14.45,376.7,32.4,46.200668,6.133972,317.0,True
18:33:39,3525,14.53,376.7,32.4,46.200668,6.133972,317.0,True
18:33:40,3541,14.58,376.7,32.4,46.200668,6.133972,317.0,True
18:33:40,3472,14.62,376.7,32.4,46.200668,6.133972,317.0,True
18:33:40,3375,14.67,376.7,32.4,46.200668,6.133972,317.0,True
18:33:40,3288,14.73,376.7,30.7,46.200621,6.133947,319.7,True
18:33:40,3297,14.80,376.7,30.7,46.200621,6.133947,319.7,True
18:33:40,3268,14.84,376.7,30.7,46.200621,6.133947,319.7,True
18:33:40,3195,14.88,376.7,30.7,46.200621,6.133947,319.7,True
18:33:40,3135,14.91,376.7,30.7,46.200621,6.133947,319.7,True
18:33:40,3088,14.94,376.7,30.7,46.200621,6.133947,319.7,True
18:33:40,3046,14.93,376.7,30.7,46.200621,6.133947,319.7,True
18:33:41,3083,14.95,376.7,30.7,46.200621,6.133947,319.7,True
18:33:41,3112,14.95,376.7,30.7,46.200621,6.133947,319.7,True
18:33:41,3101,14.95,376.7,30.7,46.200621,6.133947,319.7,True
18:33:41,3120,14.93,376.7,32.3,46.200560,6.133919,324.7,True
18:33:41,3094,14.90,376.7,32.3,46.200560,6.133919,324.7,True
18:33:41,3079,14.92,376.7,32.3,46.200560,6.133919,324.7,True
18:33:41,3135,14.93,376.7,32.3,46.200560,6.133919,324.7,True
18:33:41,3186,14.95,376.7,32.3,46.200560,6.133919,324.7,True
18:33:41,3104,14.94,376.7,32.3,46.200560,6.133919,324.7,True
18:33:41,3028,14.94,376.7,32.3,46.200560,6.133919,324.7,True
18:33:42,3044,14.94,376.7,32.3,46.200560,6.133919,324.7,True
18:33:42,3024,14.91,376.7,32.3,46.200560,6.133919,324.7,True
18:33:42,3032,14.88,376.7,32.3,46.200560,6.133919,324.7,True
18:33:42,2961,14.82,376.7,34.5,46.200511,6.133938,329.8,True
18:33:42,2942,14.85,376.7,34.5,46.200511,6.133938,329.8,True
18:33:42,2925,14.88,376.7,34.5,46.200511,6.133938,329.8,True
18:33:42,2982,14.88,376.7,34.5,46.200511,6.133938,329.8,True
18:33:42,2954,14.90,376.7,34.5,46.200511,6.133938,329.8,True
18:33:42,2934,14.88,376.7,34.5,46.200511,6.133938,329.8,True
18:33:42,2882,14.91,376.7,34.5,46.200511,6.133938,329.8,True
18:33:43,2812,14.84,376.7,34.5,46.200511,6.133938,329.8,True
18:33:43,2832,14.78,376.7,34.5,46.200511,6.133938,329.8,True
18:33:43,2878,14.74,376.7,34.5,46.200511,6.133938,329.8,True
18:33:43,2915,14.70,376.7,30.0,46.200478,6.134030,339.7,True
18:33:43,2863,14.71,376.7,30.0,46.200478,6.134030,339.7,True
18:33:43,2987,14.65,376.7,30.0,46.200478,6.134030,339.7,True
18:33:43,3024,14.59,376.7,30.0,46.200478,6.134030,339.7,True
18:33:43,3058,14.54,376.7,30.0,46.200478,6.134030,339.7,True
18:33:43,3085,14.49,376.7,30.0,46.200478,6.134030,339.7,True
18:33:43,2995,14.11,376.7,30.0,46.200478,6.134030,339.7,True
18:33:44,2981,13.81,376.7,30.0,46.200478,6.134030,339.7,True
18:33:44,2975,13.55,376.7,30.0,46.200478,6.134030,339.7,True
18:33:44,3026,13.73,376.7,30.0,46.200478,6.134030,339.7,True
18:33:44,3043,13.88,376.7,28.6,46.200439,6.134023,345.5,True
18:33:44,3014,13.98,376.7,28.6,46.200439,6.134023,345.5,True
18:33:44,3003,14.31,376.7,28.6,46.200439,6.134023,345.5,True
18:33:44,3132,14.60,376.7,28.6,46.200439,6.134023,345.5,True
18:33:44,3170,14.85,376.7,28.6,46.200439,6.134023,345.5,True
18:33:44,3136,14.93,376.7,28.6,46.200439,6.134023,345.5,True
18:33:44,3192,14.96,376.7,28.6,46.200439,6.134023,345.5,True
18:33:45,3171,14.99,376.7,28.6,46.200439,6.134023,345.5,True
18:33:45,3196,15.30,376.7,28.6,46.200439,6.134023,345.5,True
18:33:45,3218,15.54,376.7,28.6,46.200439,6.134023,345.5,True
18:33:45,3287,15.77,376.7,28.4,46.200399,6.134019,351.9,True
18:33:45,3296,15.69,376.7,28.4,46.200399,6.134019,351.9,True
18:33:45,3287,15.63,376.7,28.4,46.200399,6.134019,351.9,True
18:33:45,3321,15.59,376.7,28.4,46.200399,6.134019,351.9,True
18:33:45,3396,15.52,376.7,28.4,46.200399,6.134019,351.9,True
18:33:45,3475,15.46,376.7,28.4,46.200399,6.134019,351.9,True
18:33:45,3493,15.41,376.7,28.4,46.200399,6.134019,351.9,True
18:33:46,3458,15.33,376.7,28.4,46.200399,6.134019,351.9,True
18:33:46,3482,15.24,376.7,28.4,46.200399,6.134019,351.9,True
18:33:46,3572,15.09,376.7,28.4,46.200399,6.134019,351.9,True
18:33:46,3543,14.97,376.7,29.6,46.200361,6.133978,355.7,True
18:33:46,3611,14.83,376.7,29.6,46.200361,6.133978,355.7,True
18:33:46,3724,14.78,376.7,29.6,46.200361,6.133978,355.7,True
18:33:46,3742,14.77,376.7,29.6,46.200361,6.133978,355.7,True
18:33:46,3650,14.76,376.7,29.6,46.200361,6.133978,355.7,True
18:33:46,3721,14.74,376.7,29.6,46.200361,6.133978,355.7,True
18:33:46,3746,14.71,376.7,29.6,46.200361,6.133978,355.7,True
18:33:47,3601,14.69,376.7,29.6,46.200361,6.133978,355.7,True
18:33:47,3522,14.67,376.7,29.6,46.200361,6.133978,355.7,True
18:33:47,3414,14.66,376.7,29.6,46.200361,6.133978,355.7,True
18:33:47,3405,14.67,376.7,30.7,46.200314,6.133900,357.4,True
18:33:47,3396,14.92,376.7,30.7,46.200314,6.133900,357.4,True
18:33:47,3430,15.11,376.7,30.7,46.200314,6.133900,357.4,True
18:33:47,3407,15.28,376.7,30.7,46.200314,6.133900,357.4,True
18:33:47,3389,15.37,376.7,30.7,46.200314,6.133900,357.4,True
18:33:47,3295,15.45,376.7,30.7,46.200314,6.133900,357.4,True
18:33:47,3251,15.53,376.7,30.7,46.200314,6.133900,357.4,True
18:33:48,3340,15.48,376.7,30.7,46.200314,6.133900,357.4,True
18:33:48,3427,15.44,376.7,30.7,46.200314,6.133900,357.4,True
18:33:48,3480,15.38,376.7,30.7,46.200314,6.133900,357.4,True
18:33:48,3520,15.34,376.7,34.8,46.200257,6.133819,358.0,True
18:33:48,3493,15.31,376.7,34.8,46.200257,6.133819,358.0,True
18:33:48,3478,15.27,376.7,34.8,46.200257,6.133819,358.0,True
18:33:48,3428,15.00,376.7,34.8,46.200257,6.133819,358.0,True
18:33:48,3305,14.72,376.7,34.8,46.200257,6.133819,358.0,True
18:33:48,3244,14.51,376.7,34.8,46.200257,6.133819,358.0,True
18:33:48,3185,14.22,376.7,34.8,46.200257,6.133819,358.0,True
18:33:49,3082,13.97,376.7,34.8,46.200257,6.133819,358.0,True
18:33:49,3014,13.75,376.7,34.8,46.200257,6.133819,358.0,True
18:33:49,2967,13.73,376.7,34.8,46.200257,6.133819,358.0,True
18:33:49,2914,13.76,376.7,33.8,46.200193,6.133737,358.7,True
18:33:49,2874,13.79,376.7,33.8,46.200193,6.133737,358.7,True
18:33:49,2879,13.81,376.7,33.8,46.200193,6.133737,358.7,True
18:33:49,2840,13.85,376.7,33.8,46.200193,6.133737,358.7,True
18:33:49,2804,13.91,376.7,33.8,46.200193,6.133737,358.7,True
18:33:49,2782,13.98,376.7,33.8,46.200193,6.133737,358.7,True
18:33:49,2875,13.99,376.7,33.8,46.200193,6.133737,358.7,True
18:33:50,2979,14.02,376.7,33.8,46.200193,6.133737,358.7,True
18:33:50,2903,14.12,376.7,33.8,46.200193,6.133737,358.7,True
18:33:50,2898,14.22,376.7,33.8,46.200193,6.133737,358.7,True
18:33:50,2940,14.31,376.7,32.3,46.200130,6.133658,359.1,True
18:33:50,2866,14.41,376.7,32.3,46.200130,6.133658,359.1,True
18:33:50,2845,14.49,376.7,32.3,46.200130,6.133658,359.1,True
18:33:50,2824,14.56,376.7,32.3,46.200130,6.133658,359.1,True
18:33:50,2779,14.53,376.7,32.3,46.200130,6.133658,359.1,True
18:33:50,2771,14.49,376.7,32.3,46.200130,6.133658,359.1,True
18:33:50,2712,14.49,376.7,32.3,46.200130,6.133658,359.1,True
18:33:51,2813,14.50,376.7,32.3,46.200130,6.133658,359.1,True
18:33:51,2815,14.46,376.7,32.3,46.200130,6.133658,359.1,True
18:33:51,2840,14.36,376.7,32.3,46.200130,6.133658,359.1,True
18:33:51,2879,14.38,376.7,29.5,46.200077,6.133583,358.9,True
18:33:51,2870,14.38,376.7,29.5,46.200077,6.133583,358.9,True
18:33:51,2898,14.32,376.7,29.5,46.200077,6.133583,358.9,True
18:33:51,2880,14.26,376.7,29.5,46.200077,6.133583,358.9,True
18:33:51,2842,14.22,376.7,29.5,46.200077,6.133583,358.9,True
18:33:51,2851,14.09,376.7,29.5,46.200077,6.133583,358.9,True
18:33:51,2928,13.97,376.7,29.5,46.200077,6.133583,358.9,True
18:33:52,2985,13.85,376.7,29.5,46.200077,6.133583,358.9,True
18:33:52,3000,13.86,376.7,29.5,46.200077,6.133583,358.9,True
18:33:52,2892,13.86,376.7,29.5,46.200077,6.133583,358.9,True
18:33:52,2937,13.87,376.7,28.5,46.200017,6.133517,360.5,True
18:33:52,2925,13.58,376.7,28.5,46.200017,6.133517,360.5,True
18:33:52,3011,13.28,376.7,28.5,46.200017,6.133517,360.5,True
18:33:52,3069,13.08,376.7,28.5,46.200017,6.133517,360.5,True
18:33:52,3119,13.39,376.7,28.5,46.200017,6.133517,360.5,True
18:33:52,3144,13.69,376.7,28.5,46.200017,6.133517,360.5,True
18:33:52,3156,13.93,376.7,28.5,46.200017,6.133517,360.5,True
18:33:53,3171,14.30,376.7,28.5,46.200017,6.133517,360.5,True
18:33:53,3105,14.62,376.7,28.5,46.200017,6.133517,360.5,True
18:33:53,3028,14.88,376.7,28.5,46.200017,6.133517,360.5,True
18:33:53,2910,14.99,376.7,27.9,46.199958,6.133457,361.6,True
18:33:53,2803,15.07,376.7,27.9,46.199958,6.133457,361.6,True
18:33:53,2733,15.13,376.7,27.9,46.199958,6.133457,361.6,True
18:33:53,2722,15.06,376.7,27.9,46.199958,6.133457,361.6,True
18:33:53,2653,15.07,376.7,27.9,46.199958,6.133457,361.6,True
18:33:53,2585,15.07,376.7,27.9,46.199958,6.133457,361.6,True
18:33:53,2556,14.95,376.7,27.9,46.199958,6.133457,361.6,True
18:33:54,2586,14.89,376.7,27.9,46.199958,6.133457,361.6,True
18:33:54,2612,14.82,376.7,27.9,46.199958,6.133457,361.6,True
18:33:54,2601,14.78,376.7,27.9,46.199958,6.133457,361.6,True
18:33:54,2600,14.76,376.7,27.1,46.199906,6.133394,363.0,True
18:33:54,2644,14.71,376.7,27.1,46.199906,6.133394,363.0,True
18:33:54,2761,14.64,376.7,27.1,46.199906,6.133394,363.0,True
18:33:54,2802,14.58,376.7,27.1,46.199906,6.133394,363.0,True
18:33:54,2840,14.55,376.7,27.1,46.199906,6.133394,363.0,True
18:33:54,2870,14.22,376.7,27.1,46.199906,6.133394,363.0,True
18:33:54,2822,13.95,376.7,27.1,46.199906,6.133394,363.0,True
18:33:55,2793,13.73,376.7,27.1,46.199906,6.133394,363.0,True
18:33:55,2888,13.63,376.7,27.1,46.199906,6.133394,363.0,True
18:33:55,2981,13.51,376.7,27.1,46.199906,6.133394,363.0,True
18:33:55,3011,13.41,376.7,29.7,46.199847,6.133319,364.3,True
18:33:55,3122,13.80,376.7,29.7,46.199847,6.133319,364.3,True
18:33:55,3104,14.13,376.7,29.7,46.199847,6.133319,364.3,True
18:33:55,3109,14.74,376.7,29.7,46.199847,6.133319,364.3,True
18:33:55,3174,15.24,376.7,29.7,46.199847,6.133319,364.3,True
18:33:55,3127,15.69,376.7,29.7,46.199847,6.133319,364.3,True
18:33:55,3097,15.72,376.7,29.7,46.199847,6.133319,364.3,True
18:33:56,3035,15.77,376.7,29.7,46.199847,6.133319,364.3,True
18:33:56,2992,15.76,376.7,29.7,46.199847,6.133319,364.3,True
18:33:56,2995,15.67,376.7,29.7,46.199847,6.133319,364.3,True
18:33:56,3008,15.59,376.7,27.7,46.199793,6.133243,366.9,True
18:33:56,3189,15.52,376.7,27.7,46.199793,6.133243,366.9,True
18:33:56,3247,15.45,376.7,27.7,46.199793,6.133243,366.9,True
18:33:56,3325,15.35,376.7,27.7,46.199793,6.133243,366.9,True
18:33:56,3410,15.24,376.7,27.7,46.199793,6.133243,366.9,True
18:33:56,3389,15.20,376.7,27.7,46.199793,6.133243,366.9,True
18:33:56,3378,15.18,376.7,27.7,46.199793,6.133243,366.9,True
18:33:57,3447,15.13,376.7,27.7,46.199793,6.133243,366.9,True
18:33:57,3365,15.06,376.7,27.7,46.199793,6.133243,366.9,True
18:33:57,3383,15.08,376.7,27.7,46.199793,6.133243,366.9,True
18:33:57,3403,15.06,376.7,33.4,46.199730,6.133155,370.5,True
18:33:57,3343,14.78,376.7,33.4,46.199730,6.133155,370.5,True
18:33:57,3248,14.47,376.7,33.4,46.199730,6.133155,370.5,True
18:33:57,3164,14.24,376.7,33.4,46.199730,6.133155,370.5,True
18:33:57,3096,14.19,376.7,33.4,46.199730,6.133155,370.5,True
18:33:57,3150,14.17,376.7,33.4,46.199730,6.133155,370.5,True
18:33:57,0,0.00,0.0,33.4,46.199730,6.133155,370.5,True
18:33:58,599,13.75,376.7,33.4,46.199730,6.133155,370.5,True
18:33:58,1173,13.85,376.7,33.4,46.199730,6.133155,370.5,True
18:33:58,1606,13.95,376.7,33.4,46.199730,6.133155,370.5,True
18:33:58,1903,14.04,376.7,33.7,46.199667,6.133059,373.1,True
18:33:58,2192,14.22,376.7,33.7,46.199667,6.133059,373.1,True
18:33:58,2384,14.37,376.7,33.7,46.199667,6.133059,373.1,True
18:33:58,2561,14.51,376.7,33.7,46.199667,6.133059,373.1,True
18:33:58,2706,14.64,376.7,33.7,46.199667,6.133059,373.1,True
18:33:58,2738,14.74,376.7,33.7,46.199667,6.133059,373.1,True
18:33:58,2724,14.86,376.7,33.7,46.199667,6.133059,373.1,True
18:33:59,2716,14.90,376.7,33.7,46.199667,6.133059,373.1,True
18:33:59,2788,14.93,376.7,33.7,46.199667,6.133059,373.1,True
18:33:59,2846,14.95,376.7,33.7,46.199667,6.133059,373.1,True
18:33:59,2982,14.89,376.7,33.2,46.199607,6.132961,374.6,True
18:33:59,3101,14.85,376.7,33.2,46.199607,6.132961,374.6,True
18:33:59,3223,14.81,376.7,33.2,46.199607,6.132961,374.6,True
18:33:59,3288,14.74,376.7,33.2,46.199607,6.132961,374.6,True
18:33:59,3387,14.70,376.7,33.2,46.199607,6.132961,374.6,True
18:33:59,3390,14.67,376.7,33.2,46.199607,6.132961,374.6,True
18:33:59,3274,14.32,376.7,33.2,46.199607,6.132961,374.6,True
18:34:00,3256,13.99,376.7,33.2,46.199607,6.132961,374.6,True
18:34:00,3278,13.71,376.7,33.2,46.199607,6.132961,374.6,True
18:34:00,3166,14.49,376.7,33.2,46.199607,6.132961,374.6,True
18:34:00,3152,15.15,376.7,29.3,46.199549,6.132873,376.0,True
18:34:00,3094,15.09,376.7,29.3,46.199549,6.132873,376.0,True
18:34:00,3010,15.07,376.7,29.3,46.199549,6.132873,376.0,True
18:34:00,2947,15.06,376.7,29.3,46.199549,6.132873,376.0,True
18:34:00,2934,14.77,376.7,29.3,46.199549,6.132873,376.0,True
18:34:00,2963,14.55,376.7,29.3,46.199549,6.132873,376.0,True
18:34:00,2900,14.35,376.7,29.3,46.199549,6.132873,376.0,True
18:34:01,2845,14.17,376.7,29.3,46.199549,6.132873,376.0,True
18:34:01,2800,14.02,376.7,29.3,46.199549,6.132873,376.0,True
18:34:01,2759,13.88,376.7,29.3,46.199549,6.132873,376.0,True
18:34:01,2723,13.86,376.7,31.4,46.199486,6.132798,376.2,True
18:34:01,2736,13.85,376.7,31.4,46.199486,6.132798,376.2,True
18:34:01,2741,13.85,376.7,31.4,46.199486,6.132798,376.2,True
18:34:01,2723,14.02,376.7,31.4,46.199486,6.132798,376.2,True
18:34:01,2820,14.17,376.7,31.4,46.199486,6.132798,376.2,True
18:34:01,2895,14.28,376.7,31.4,46.199486,6.132798,376.2,True
18:34:01,2994,14.35,376.7,31.4,46.199486,6.132798,376.2,True
18:34:02,3079,14.40,376.7,31.4,46.199486,6.132798,376.2,True
18:34:02,3154,14.43,376.7,31.4,46.199486,6.132798,376.2,True
18:34:02,3255,14.14,376.7,31.4,46.199486,6.132798,376.2,True
18:34:02,3295,13.92,376.7,31.6,46.199421,6.132725,376.8,True
18:34:02,3382,13.72,376.7,31.6,46.199421,6.132725,376.8,True
18:34:02,3364,14.09,376.7,31.6,46.199421,6.132725,376.8,True
18:34:02,3352,14.39,376.7,31.6,46.199421,6.132725,376.8,True
18:34:02,3287,14.65,376.7,31.6,46.199421,6.132725,376.8,True
18:34:02,3280,15.17,376.7,31.6,46.199421,6.132725,376.8,True
18:34:02,3180,15.56,376.7,31.6,46.199421,6.132725,376.8,True
18:34:03,3076,15.90,376.7,31.6,46.199421,6.132725,376.8,True
18:34:03,2983,16.03,376.7,31.6,46.199421,6.132725,376.8,True
18:34:03,2914,16.13,376.7,31.6,46.199421,6.132725,376.8,True
18:34:03,2982,16.24,376.7,34.4,46.199348,6.132656,377.2,True
18:34:03,3009,16.31,376.7,34.4,46.199348,6.132656,377.2,True
18:34:03,2969,16.36,376.7,34.4,46.199348,6.132656,377.2,True
18:34:03,2921,16.38,376.7,34.4,46.199348,6.132656,377.2,True
18:34:03,2892,16.37,376.7,34.4,46.199348,6.132656,377.2,True
18:34:03,2814,16.39,376.7,34.4,46.199348,6.132656,377.2,True
18:34:03,2755,16.41,376.7,34.4,46.199348,6.132656,377.2,True
18:34:04,2707,16.29,376.7,34.4,46.199348,6.132656,377.2,True
18:34:04,2704,16.19,376.7,34.4,46.199348,6.132656,377.2,True
18:34:04,2725,16.11,376.7,34.4,46.199348,6.132656,377.2,True
18:34:04,2655,15.96,376.7,35.5,46.199272,6.132586,377.5,True
18:34:04,2752,15.84,376.7,35.5,46.199272,6.132586,377.5,True
18:34:04,2833,15.70,376.7,35.5,46.199272,6.132586,377.5,True
18:34:04,2840,15.50,376.7,35.5,46.199272,6.132586,377.5,True
18:34:04,2830,15.32,376.7,35.5,46.199272,6.132586,377.5,True
18:34:04,2737,15.18,376.7,35.5,46.199272,6.132586,377.5,True
18:34:04,2665,15.07,376.7,35.5,46.199272,6.132586,377.5,True
18:34:05,2667,14.92,376.7,35.5,46.199272,6.132586,377.5,True
18:34:05,2612,14.83,376.7,35.5,46.199272,6.132586,377.5,True
18:34:05,2547,14.68,376.7,35.5,46.199272,6.132586,377.5,True
18:34:05,2547,14.50,376.7,35.4,46.199193,6.132524,377.3,True
18:34:05,2516,14.25,376.7,35.4,46.199193,6.132524,377.3,True
18:34:05,2545,14.07,376.7,35.4,46.199193,6.132524,377.3,True
18:34:05,2550,13.90,376.7,35.4,46.199193,6.132524,377.3,True
18:34:05,2543,13.75,376.7,35.4,46.199193,6.132524,377.3,True
18:34:05,2468,13.61,376.7,35.4,46.199193,6.132524,377.3,True
18:34:05,2444,13.52,376.7,35.4,46.199193,6.132524,377.3,True
18:34:06,2438,13.55,376.7,35.4,46.199193,6.132524,377.3,True
18:34:06,2542,13.57,376.7,35.4,46.199193,6.132524,377.3,True
18:34:06,2774,13.58,376.7,35.4,46.199193,6.132524,377.3,True
18:34:06,3019,13.65,376.7,29.7,46.199127,6.132462,376.9,True
18:34:06,3111,13.72,376.7,29.7,46.199127,6.132462,376.9,True
18:34:06,3201,13.78,376.7,29.7,46.199127,6.132462,376.9,True
18:34:06,3097,13.61,376.7,29.7,46.199127,6.132462,376.9,True
18:34:06,3061,13.44,376.7,29.7,46.199127,6.132462,376.9,True
18:34:06,2976,13.33,376.7,29.7,46.199127,6.132462,376.9,True
18:34:06,2922,13.42,376.7,29.7,46.199127,6.132462,376.9,True
18:34:07,2783,13.50,376.7,29.7,46.199127,6.132462,376.9,True
18:34:07,2740,13.54,376.7,29.7,46.199127,6.132462,376.9,True
18:34:07,2611,13.89,376.7,29.7,46.199127,6.132462,376.9,True
18:34:07,2506,14.19,376.7,24.2,46.199075,6.132402,376.1,True
18:34:07,2393,14.44,376.7,24.2,46.199075,6.132402,376.1,True
18:34:07,2342,14.58,376.7,24.2,46.199075,6.132402,376.1,True
18:34:07,2230,14.68,376.7,24.2,46.199075,6.132402,376.1,True
18:34:07,2126,14.81,376.7,24.2,46.199075,6.132402,376.1,True
18:34:07,2103,14.88,376.7,24.2,46.199075,6.132402,376.1,True
18:34:07,2078,14.95,376.7,24.2,46.199075,6.132402,376.1,True
18:34:08,2021,14.99,376.7,24.2,46.199075,6.132402,376.1,True
18:34:08,1981,14.90,376.7,24.2,46.199075,6.132402,376.1,True
18:34:08,1957,14.84,376.7,24.2,46.199075,6.132402,376.1,True
18:34:08,1886,14.75,376.7,17.2,46.199033,6.132356,375.1,True
18:34:08,1927,14.51,376.7,17.2,46.199033,6.132356,375.1,True
18:34:08,1909,14.33,376.7,17.2,46.199033,6.132356,375.1,True
18:34:08,1869,14.18,376.7,17.2,46.199033,6.132356,375.1,True
18:34:08,1903,14.08,376.7,17.2,46.199033,6.132356,375.1,True
18:34:08,1898,13.94,376.7,17.2,46.199033,6.132356,375.1,True
18:34:08,1900,13.85,376.7,17.2,46.199033,6.132356,375.1,True
18:34:09,1858,13.75,376.7,17.2,46.199033,6.132356,375.1,True
18:34:09,1813,13.66,376.7,17.2,46.199033,6.132356,375.1,True
18:34:09,1797,13.51,376.7,17.2,46.199033,6.132356,375.1,True
18:34:09,1930,13.43,376.7,17.1,46.198992,6.132330,374.8,True
18:34:09,2231,13.35,376.7,17.1,46.198992,6.132330,374.8,True
18:34:09,2578,13.28,376.7,17.1,46.198992,6.132330,374.8,True
18:34:09,2870,13.21,376.7,17.1,46.198992,6.132330,374.8,True
18:34:09,3033,13.21,376.7,17.1,46.198992,6.132330,374.8,True
18:34:09,2908,13.19,376.7,17.1,46.198992,6.132330,374.8,True
18:34:09,2737,13.01,376.7,17.1,46.198992,6.132330,374.8,True
18:34:10,2617,12.82,376.7,17.1,46.198992,6.132330,374.8,True
18:34:10,2574,13.25,376.7,17.1,46.198992,6.132330,374.8,True
18:34:10,2542,13.60,376.7,17.1,46.198992,6.132330,374.8,True
18:34:10,2470,13.87,376.7,15.3,46.198955,6.132334,374.0,True
18:34:10,2457,14.24,376.7,15.3,46.198955,6.132334,374.0,True
18:34:10,2401,14.54,376.7,15.3,46.198955,6.132334,374.0,True
18:34:10,2321,14.77,376.7,15.3,46.198955,6.132334,374.0,True
18:34:10,2261,15.11,376.7,15.3,46.198955,6.132334,374.0,True
18:34:10,2310,15.42,376.7,15.3,46.198955,6.132334,374.0,True
18:34:10,2356,15.68,376.7,15.3,46.198955,6.132334,374.0,True
18:34:11,2408,16.19,376.7,15.3,46.198955,6.132334,374.0,True
18:34:11,2381,16.61,376.7,15.3,46.198955,6.132334,374.0,True
18:34:11,2323,16.98,376.7,15.3,46.198955,6.132334,374.0,True
18:34:11,2295,17.06,376.7,17.6,46.198922,6.132366,374.2,True
18:34:11,2245,17.12,376.7,17.6,46.198922,6.132366,374.2,True
18:34:11,2144,17.16,376.7,17.6,46.198922,6.132366,374.2,True
18:34:11,2069,17.07,376.7,17.6,46.198922,6.132366,374.2,True
18:34:11,2014,17.05,376.7,17.6,46.198922,6.132366,374.2,True
18:34:11,1972,17.02,376.7,17.6,46.198922,6.132366,374.2,True
18:34:11,1937,17.00,376.7,17.6,46.198922,6.132366,374.2,True
18:34:12,1937,17.00,376.7,17.6,46.198922,6.132366,374.2,True
18:34:12,1901,16.98,376.7,17.6,46.198922,6.132366,374.2,True
18:34:12,1860,16.99,376.7,17.6,46.198922,6.132366,374.2,True
18:34:12,1823,17.02,376.7,20.1,46.198890,6.132414,375.2,True
18:34:12,1818,17.00,376.7,20.1,46.198890,6.132414,375.2,True
18:34:12,1815,16.85,376.7,20.1,46.198890,6.132414,375.2,True
18:34:12,1810,16.72,376.7,20.1,46.198890,6.132414,375.2,True
18:34:12,1756,16.58,376.7,20.1,46.198890,6.132414,375.2,True
18:34:12,1743,16.33,376.7,20.1,46.198890,6.132414,375.2,True
18:34:12,1746,16.14,376.7,20.1,46.198890,6.132414,375.2,True
18:34:13,1706,15.97,376.7,20.1,46.198890,6.132414,375.2,True
18:34:13,1691,15.84,376.7,20.1,46.198890,6.132414,375.2,True
18:34:13,1620,15.67,376.7,20.1,46.198890,6.132414,375.2,True
18:34:13,1608,15.56,376.7,17.5,46.198862,6.132465,375.5,True
18:34:13,1599,15.39,376.7,17.5,46.198862,6.132465,375.5,True
18:34:13,1576,15.25,376.7,17.5,46.198862,6.132465,375.5,True
18:34:13,1609,15.11,376.7,17.5,46.198862,6.132465,375.5,True
18:34:13,1638,14.98,376.7,17.5,46.198862,6.132465,375.5,True
18:34:13,1614,14.87,376.7,17.5,46.198862,6.132465,375.5,True
18:34:13,1647,14.79,376.7,17.5,46.198862,6.132465,375.5,True
18:34:14,1685,14.59,376.7,17.5,46.198862,6.132465,375.5,True
18:34:14,1692,14.42,376.7,17.5,46.198862,6.132465,375.5,True
18:34:14,1723,14.27,376.7,17.5,46.198862,6.132465,375.5,True
18:34:14,1695,14.02,376.7,18.8,46.198836,6.132516,376.3,True
18:34:14,1668,13.86,376.7,18.8,46.198836,6.132516,376.3,True
18:34:14,1658,13.69,376.7,18.8,46.198836,6.132516,376.3,True
18:34:14,1584,13.57,376.7,18.8,46.198836,6.132516,376.3,True
18:34:14,1564,13.49,376.7,18.8,46.198836,6.132516,376.3,True
18:34:14,1562,13.35,376.7,18.8,46.198836,6.132516,376.3,True
18:34:14,1556,13.22,376.7,18.8,46.198836,6.132516,376.3,True
18:34:15,1510,13.13,376.7,18.8,46.198836,6.132516,376.3,True
18:34:15,1519,13.07,376.7,18.8,46.198836,6.132516,376.3,True
18:34:15,1522,13.01,376.7,18.8,46.198836,6.132516,376.3,True
18:34:15,1564,12.97,376.7,9.2,46.198819,6.132548,377.0,True
18:34:15,1577,12.98,376.7,9.2,46.198819,6.132548,377.0,True
18:34:15,1578,12.98,376.7,9.2,46.198819,6.132548,377.0,True
18:34:15,1600,12.95,376.7,9.2,46.198819,6.132548,377.0,True
18:34:15,1629,12.91,376.7,9.2,46.198819,6.132548,377.0,True
18:34:15,1647,12.90,376.7,9.2,46.198819,6.132548,377.0,True
18:34:15,1590,12.87,376.7,9.2,46.198819,6.132548,377.0,True
18:34:16,1620,12.88,376.7,9.2,46.198819,6.132548,377.0,True
18:34:16,1684,12.88,376.7,9.2,46.198819,6.132548,377.0,True
18:34:16,1726,12.92,376.7,9.2,46.198819,6.132548,377.0,True
18:34:16,1684,12.92,376.7,7.0,46.198810,6.132568,377.6,True
18:34:16,1751,12.92,376.7,7.0,46.198810,6.132568,377.6,True
18:34:16,1767,12.92,376.7,7.0,46.198810,6.132568,377.6,True
18:34:16,1920,12.84,376.7,7.0,46.198810,6.132568,377.6,True
18:34:16,2191,12.81,376.7,7.0,46.198810,6.132568,377.6,True
18:34:16,2430,12.79,376.7,7.0,46.198810,6.132568,377.6,True
18:34:16,2520,12.73,376.7,7.0,46.198810,6.132568,377.6,True
18:34:16,2641,12.68,376.7,7.0,46.198810,6.132568,377.6,True
18:34:17,2813,12.64,376.7,7.0,46.198810,6.132568,377.6,True
18:34:17,2897,12.54,376.7,7.0,46.198810,6.132568,377.6,True
18:34:17,2892,12.44,376.7,0.0,46.198816,6.132567,377.5,True
18:34:17,2862,12.39,376.7,0.0,46.198816,6.132567,377.5,True
18:34:17,2795,12.62,376.7,0.0,46.198816,6.132567,377.5,True
18:34:17,2704,12.83,376.7,0.0,46.198816,6.132567,377.5,True
18:34:17,2697,13.02,376.7,0.0,46.198816,6.132567,377.5,True
18:34:17,2602,13.89,376.7,0.0,46.198816,6.132567,377.5,True
18:34:17,2662,14.62,376.7,0.0,46.198816,6.132567,377.5,True
18:34:17,2660,15.26,376.7,0.0,46.198816,6.132567,377.5,True
18:34:18,2763,15.82,376.7,0.0,46.198816,6.132567,377.5,True
18:34:18,2730,16.32,376.7,0.0,46.198816,6.132567,377.5,True
18:34:18,2712,16.71,376.7,0.0,46.198819,6.132565,377.7,True
18:34:18,2681,16.76,376.7,0.0,46.198819,6.132565,377.7,True
18:34:18,2705,16.81,376.7,0.0,46.198819,6.132565,377.7,True
18:34:18,2615,16.85,376.7,0.0,46.198819,6.132565,377.7,True
18:34:18,2504,16.66,376.7,0.0,46.198819,6.132565,377.7,True
18:34:18,2361,16.48,376.7,0.0,46.198819,6.132565,377.7,True
18:34:18,2314,16.33,376.7,0.0,46.198819,6.132565,377.7,True
18:34:19,2267,16.12,376.7,0.0,46.198819,6.132565,377.7,True
18:34:19,2160,15.99,376.7,0.0,46.198819,6.132565,377.7,True
18:34:19,2121,15.88,376.7,0.0,46.198819,6.132565,377.7,True
18:34:19,2019,15.76,376.7,4.3,46.198816,6.132577,377.6,True
18:34:19,1954,15.64,376.7,4.3,46.198816,6.132577,377.6,True
18:34:19,1894,15.55,376.7,4.3,46.198816,6.132577,377.6,True
18:34:19,1865,15.41,376.7,4.3,46.198816,6.132577,377.6,True
18:34:19,1825,15.27,376.7,4.3,46.198816,6.132577,377.6,True
18:34:19,1783,15.04,376.7,4.3,46.198816,6.132577,377.6,True
18:34:19,1769,14.82,376.7,4.3,46.198816,6.132577,377.6,True
18:34:20,1759,14.68,376.7,4.3,46.198816,6.132577,377.6,True
18:34:20,1807,14.48,376.7,4.3,46.198816,6.132577,377.6,True
18:34:20,1771,14.30,376.7,4.3,46.198816,6.132577,377.6,True
18:34:20,1790,14.16,376.7,13.6,46.198797,6.132601,378.9,True
18:34:20,1864,13.98,376.7,13.6,46.198797,6.132601,378.9,True
18:34:20,1830,13.83,376.7,13.6,46.198797,6.132601,378.9,True
18:34:20,1842,13.66,376.7,13.6,46.198797,6.132601,378.9,True
18:34:20,1794,13.46,376.7,13.6,46.198797,6.132601,378.9,True
18:34:20,1777,13.34,376.7,13.6,46.198797,6.132601,378.9,True
18:34:20,1884,13.23,376.7,13.6,46.198797,6.132601,378.9,True
18:34:21,1863,13.15,376.7,13.6,46.198797,6.132601,378.9,True
18:34:21,1810,13.03,376.7,13.6,46.198797,6.132601,378.9,True
18:34:21,1748,12.97,376.7,13.6,46.198797,6.132601,378.9,True
18:34:21,1698,12.92,376.7,13.1,46.198776,6.132631,379.6,True
18:34:21,1707,12.87,376.7,13.1,46.198776,6.132631,379.6,True
18:34:21,1648,12.82,376.7,13.1,46.198776,6.132631,379.6,True
18:34:21,1625,12.79,376.7,13.1,46.198776,6.132631,379.6,True
18:34:21,1678,12.79,376.7,13.1,46.198776,6.132631,379.6,True
18:34:21,1771,12.74,376.7,13.1,46.198776,6.132631,379.6,True
18:34:21,1907,12.78,376.7,13.1,46.198776,6.132631,379.6,True
18:34:22,1876,12.83,376.7,13.1,46.198776,6.132631,379.6,True
18:34:22,1932,12.80,376.7,13.1,46.198776,6.132631,379.6,True
18:34:22,1883,12.81,376.7,13.1,46.198776,6.132631,379.6,True
18:34:22,1924,12.86,376.7,8.1,46.198765,6.132654,380.2,True
18:34:22,1869,12.90,376.7,8.1,46.198765,6.132654,380.2,True
18:34:22,1804,12.85,376.7,8.1,46.198765,6.132654,380.2,True
18:34:22,1805,12.81,376.7,8.1,46.198765,6.132654,380.2,True
18:34:22,1825,12.80,376.7,8.1,46.198765,6.132654,380.2,True
18:34:22,1820,12.74,376.7,8.1,46.198765,6.132654,380.2,True
18:34:22,1783,12.71,376.7,8.1,46.198765,6.132654,380.2,True
18:34:23,1813,12.64,376.7,8.1,46.198765,6.132654,380.2,True
18:34:23,1769,12.65,376.7,8.1,46.198765,6.132654,380.2,True
18:34:23,1746,12.70,376.7,8.1,46.198765,6.132654,380.2,True
18:34:23,1699,12.73,376.7,3.7,46.198770,6.132668,380.7,True
18:34:23,1679,12.83,376.7,3.7,46.198770,6.132668,380.7,True
18:34:23,1638,12.86,376.7,3.7,46.198770,6.132668,380.7,True
18:34:23,1618,12.93,376.7,3.7,46.198770,6.132668,380.7,True
18:34:23,1634,13.91,376.7,3.7,46.198770,6.132668,380.7,True
18:34:23,1587,14.75,376.7,3.7,46.198770,6.132668,380.7,True
18:34:23,1518,15.46,376.7,3.7,46.198770,6.132668,380.7,True
18:34:24,1434,16.07,376.7,3.7,46.198770,6.132668,380.7,True
18:34:24,1341,16.58,376.7,3.7,46.198770,6.132668,380.7,True
18:34:24,1226,17.02,376.7,3.7,46.198770,6.132668,380.7,True
18:34:24,1098,17.39,376.7,2.5,46.198770,6.132672,381.7,True
18:34:24,989,17.71,376.7,2.5,46.198770,6.132672,381.7,True
18:34:24,853,17.98,376.7,2.5,46.198770,6.132672,381.7,True
18:34:24,762,18.21,376.7,2.5,46.198770,6.132672,381.7,True
18:34:24,640,18.40,376.7,2.5,46.198770,6.132672,381.7,True
18:34:24,543,18.56,376.7,2.5,46.198770,6.132672,381.7,True
18:34:24,465,18.71,376.7,2.5,46.198770,6.132672,381.7,True
18:34:25,403,18.82,376.7,2.5,46.198770,6.132672,381.7,True
18:34:25,353,18.93,376.7,2.5,46.198770,6.132672,381.7,True
18:34:25,0,19.01,376.7,2.5,46.198770,6.132672,381.7,True
18:34:25,0,19.09,376.7,1.6,46.198774,6.132668,382.6,True
18:34:25,0,19.15,376.7,1.6,46.198774,6.132668,382.6,True
18:34:25,0,19.20,376.7,1.6,46.198774,6.132668,382.6,True
18:34:25,0,19.25,376.7,1.6,46.198774,6.132668,382.6,True
18:34:25,0,19.28,376.7,1.6,46.198774,6.132668,382.6,True
18:34:25,0,19.32,376.7,1.6,46.198774,6.132668,382.6,True
18:34:25,0,19.34,376.7,1.6,46.198774,6.132668,382.6,True
18:34:26,0,19.37,376.7,1.6,46.198774,6.132668,382.6,True
18:34:26,0,19.39,376.7,1.6,46.198774,6.132668,382.6,True
18:34:26,0,19.40,376.7,1.6,46.198774,6.132668,382.6,True
18:34:26,0,19.42,376.7,1.6,46.198779,6.132663,382.7,True
18:34:26,0,19.43,376.7,1.6,46.198779,6.132663,382.7,True
18:34:26,0,19.44,376.7,1.6,46.198779,6.132663,382.7,True
18:34:26,0,19.45,376.7,1.6,46.198779,6.132663,382.7,True
18:34:26,0,19.46,376.7,1.6,46.198779,6.132663,382.7,True
18:34:26,0,19.46,376.7,1.6,46.198779,6.132663,382.7,True
18:34:26,0,19.47,376.7,1.6,46.198779,6.132663,382.7,True
18:34:27,0,19.47,376.7,1.6,46.198779,6.132663,382.7,True
18:34:27,0,19.48,376.7,1.6,46.198779,6.132663,382.7,True
18:34:27,0,19.48,376.7,1.6,46.198779,6.132663,382.7,True
18:34:27,0,19.48,376.7,2.1,46.198786,6.132659,383.1,True
18:34:27,0,19.49,376.7,2.1,46.198786,6.132659,383.1,True
18:34:27,0,19.49,376.7,2.1,46.198786,6.132659,383.1,True
18:34:27,0,19.49,376.7,2.1,46.198786,6.132659,383.1,True
18:34:27,0,19.49,376.7,2.1,46.198786,6.132659,383.1,True
18:34:27,0,19.49,376.7,2.1,46.198786,6.132659,383.1,True
18:34:27,0,19.49,376.7,2.1,46.198786,6.132659,383.1,True
18:34:28,0,19.49,376.7,2.1,46.198786,6.132659,383.1,True
18:34:28,0,19.50,376.7,2.1,46.198786,6.132659,383.1,True
18:34:28,0,19.50,376.7,2.1,46.198786,6.132659,383.1,True
18:34:28,0,19.50,376.7,1.1,46.198789,6.132657,383.1,True
18:34:28,0,19.50,376.7,1.1,46.198789,6.132657,383.1,True
18:34:28,0,19.50,376.7,1.1,46.198789,6.132657,383.1,True
18:34:28,0,19.50,376.7,1.1,46.198789,6.132657,383.1,True
18:34:28,0,19.50,376.7,1.1,46.198789,6.132657,383.1,True
18:34:28,0,19.50,376.7,1.1,46.198789,6.132657,383.1,True
                                                                                                                                                                                                                                                                                                                                                                                                                                                                                                                                                                                                                                                                                                                                                                                                                                                                                                                                                                                                                                                                                                                                                                                                                                                                                                                                                                                                                                                                                                                                                                                                                                                                                                                                                                                                                                                                                                                                                                                                                                                                                                                                                                                                                                                                                                                                                                                                                                                                                                                                                                                                                                                                      